District,Crop,Year,Season,Area,Production,Yield
PUNE,Castor seed,2010-11,Kharif,100,20,0.2
PARBHANI,Rapeseed &Mustard,2010-11,Rabi,500,20,0.04
SANGLI,Sesamum,2010-11,Kharif,100,20,0.2
SATARA,Sesamum,2010-11,Kharif,100,20,0.2
HINGOLI,Small millets,2010-11,Kharif,100,20,0.2
SATARA,Linseed,2010-11,Rabi,100,26,0.26
WARDHA,Linseed,2010-11,Rabi,100,28,0.28
AURANGABAD,Bajra,2010-11,Kharif,89800,126500,1.41
BEED,Bajra,2010-11,Kharif,122500,112800,0.92
DHULE,Bajra,2010-11,Kharif,109400,171300,1.57
JALGAON,Bajra,2010-11,Kharif,35800,49800,1.39
NASHIK,Bajra,2010-11,Kharif,171200,216300,1.26
SANGLI,Bajra,2010-11,Kharif,74900,62500,0.83
SATARA,Bajra,2010-11,Kharif,75600,59200,0.78
BHANDARA,Sesamum,2010-11,Rabi,100,29,0.29
NAGPUR,Sesamum,2010-11,Rabi,100,29,0.29
SATARA,Sesamum,2010-11,Rabi,100,29,0.29
SOLAPUR,Sesamum,2010-11,Rabi,100,29,0.29
AHMEDNAGAR,Cotton(lint),2010-11,Kharif,101700,221100,2.17
AKOLA,Cotton(lint),2010-11,Kharif,167800,268900,1.6
AMRAVATI,Cotton(lint),2010-11,Kharif,204300,336200,1.65
AURANGABAD,Cotton(lint),2010-11,Kharif,332900,879200,2.64
BEED,Cotton(lint),2010-11,Kharif,276800,422200,1.53
BULDHANA,Cotton(lint),2010-11,Kharif,251500,436100,1.73
CHANDRAPUR,Cotton(lint),2010-11,Kharif,93300,126300,1.35
DHULE,Cotton(lint),2010-11,Kharif,133100,335900,2.52
HINGOLI,Cotton(lint),2010-11,Kharif,81900,133300,1.63
JALGAON,Cotton(lint),2010-11,Kharif,509700,1097100,2.15
JALNA,Cotton(lint),2010-11,Kharif,303300,776600,2.56
NANDED,Cotton(lint),2010-11,Kharif,302100,462200,1.53
NANDURBAR,Cotton(lint),2010-11,Kharif,56000,116600,2.08
NASHIK,Cotton(lint),2010-11,Kharif,50500,100600,1.99
PARBHANI,Cotton(lint),2010-11,Kharif,232400,404800,1.74
WARDHA,Cotton(lint),2010-11,Kharif,190600,263000,1.38
WASHIM,Cotton(lint),2010-11,Kharif,62000,128700,2.08
YAVATMAL,Cotton(lint),2010-11,Kharif,479800,775900,1.62
AHMEDNAGAR,Gram,2010-11,Rabi,115200,94000,0.82
AKOLA,Gram,2010-11,Rabi,66700,95500,1.43
AMRAVATI,Gram,2010-11,Rabi,99300,99800,1.01
AURANGABAD,Gram,2010-11,Rabi,59900,55200,0.92
BULDHANA,Gram,2010-11,Rabi,74200,78700,1.06
JALGAON,Gram,2010-11,Rabi,70600,82200,1.16
JALNA,Gram,2010-11,Rabi,26100,19900,0.76
LATUR,Gram,2010-11,Rabi,79600,65600,0.82
NAGPUR,Gram,2010-11,Rabi,84900,73500,0.87
OSMANABAD,Gram,2010-11,Rabi,73900,62600,0.85
PARBHANI,Gram,2010-11,Rabi,61000,39800,0.65
PUNE,Gram,2010-11,Rabi,58100,55200,0.95
SANGLI,Gram,2010-11,Rabi,37200,34400,0.92
SOLAPUR,Gram,2010-11,Rabi,56400,37500,0.66
KOLHAPUR,Groundnut,2010-11,Kharif,58300,88400,1.52
PUNE,Groundnut,2010-11,Kharif,35700,45900,1.29
SATARA,Groundnut,2010-11,Kharif,50100,81600,1.63
AURANGABAD,Jowar,2010-11,Kharif,7100,14800,2.08
AURANGABAD,Jowar,2010-11,Rabi,80800,62800,0.78
BEED,Jowar,2010-11,Kharif,33600,43600,1.3
BEED,Jowar,2010-11,Rabi,194400,140400,0.72
BULDHANA,Jowar,2010-11,Kharif,49400,61400,1.24
DHULE,Jowar,2010-11,Kharif,24500,53900,2.2
DHULE,Jowar,2010-11,Rabi,9700,16100,1.66
HINGOLI,Jowar,2010-11,Kharif,40800,46900,1.15
JALGAON,Jowar,2010-11,Rabi,54500,89400,1.64
JALNA,Jowar,2010-11,Rabi,130700,98900,0.76
LATUR,Jowar,2010-11,Kharif,123600,176700,1.43
LATUR,Jowar,2010-11,Rabi,31400,23200,0.74
OSMANABAD,Jowar,2010-11,Rabi,269100,201300,0.75
PARBHANI,Jowar,2010-11,Kharif,62300,77800,1.25
PARBHANI,Jowar,2010-11,Rabi,161700,67200,0.42
PUNE,Jowar,2010-11,Rabi,448500,330800,0.74
SANGLI,Jowar,2010-11,Kharif,87200,108700,1.25
SATARA,Jowar,2010-11,Kharif,44600,76100,1.71
SATARA,Jowar,2010-11,Rabi,133800,105200,0.79
SOLAPUR,Jowar,2010-11,Rabi,641200,380600,0.59
NANDED,Rapeseed &Mustard,2010-11,Rabi,100,30,0.3
AHMEDNAGAR,Sesamum,2010-11,Rabi,100,30,0.3
AHMEDNAGAR,Maize,2010-11,Kharif,45300,139500,3.08
AURANGABAD,Maize,2010-11,Kharif,138400,508200,3.67
AURANGABAD,Maize,2010-11,Rabi,4300,13400,3.12
BULDHANA,Maize,2010-11,Kharif,66200,164100,2.48
DHULE,Maize,2010-11,Kharif,46000,156500,3.4
JALGAON,Maize,2010-11,Kharif,75000,249000,3.32
JALGAON,Maize,2010-11,Rabi,11800,34600,2.93
JALNA,Maize,2010-11,Kharif,60800,175700,2.89
NASHIK,Maize,2010-11,Kharif,164100,535600,3.26
PUNE,Maize,2010-11,Rabi,14800,47700,3.22
SANGLI,Maize,2010-11,Kharif,26200,81600,3.11
SANGLI,Maize,2010-11,Rabi,15500,48900,3.15
SOLAPUR,Maize,2010-11,Kharif,20500,34800,1.7
SOLAPUR,Maize,2010-11,Rabi,35400,88700,2.51
BULDHANA,Moong(Green Gram),2010-11,Kharif,53600,35100,0.65
DHULE,Moong(Green Gram),2010-11,Kharif,20600,20200,0.98
JALGAON,Moong(Green Gram),2010-11,Kharif,43200,29100,0.67
LATUR,Moong(Green Gram),2010-11,Kharif,26300,16700,0.63
PUNE,Moong(Green Gram),2010-11,Kharif,6800,6900,1.01
KOLHAPUR,Ragi,2010-11,Kharif,21900,40700,1.86
BHANDARA,Rice,2010-11,Kharif,181500,258800,1.43
CHANDRAPUR,Rice,2010-11,Kharif,114300,160100,1.4
GADCHIROLI,Rice,2010-11,Kharif,156800,233200,1.49
KOLHAPUR,Rice,2010-11,Kharif,111500,321600,2.88
NAGPUR,Rice,2010-11,Kharif,71400,70100,0.98
RAIGAD,Rice,2010-11,Kharif,124600,294800,2.37
SANGLI,Rice,2010-11,Kharif,20200,53900,2.67
SATARA,Rice,2010-11,Kharif,50800,82200,1.62
SINDHUDURG,Rice,2010-11,Kharif,73900,197000,2.67
THANE,Rice,2010-11,Kharif,136000,275300,2.02
AHMEDNAGAR,Small millets,2010-11,Rabi,687100,593200,0.86
AKOLA,Small millets,2010-11,Rabi,38300,90800,2.37
AMRAVATI,Small millets,2010-11,Rabi,55900,106500,1.91
AURANGABAD,Small millets,2010-11,Rabi,160400,234500,1.46
BEED,Small millets,2010-11,Rabi,261300,227800,0.87
BHANDARA,Small millets,2010-11,Rabi,11500,12500,1.09
BULDHANA,Small millets,2010-11,Rabi,82800,131000,1.58
CHANDRAPUR,Small millets,2010-11,Rabi,40400,39800,0.99
DHULE,Small millets,2010-11,Rabi,42500,88700,2.09
HINGOLI,Small millets,2010-11,Rabi,60600,75400,1.24
JALGAON,Small millets,2010-11,Rabi,132300,288600,2.18
JALNA,Small millets,2010-11,Rabi,164300,158600,0.97
KOLHAPUR,Small millets,2010-11,Rabi,29700,59700,2.01
LATUR,Small millets,2010-11,Rabi,66800,72700,1.09
NAGPUR,Small millets,2010-11,Rabi,78500,117300,1.49
NANDED,Small millets,2010-11,Rabi,78600,111400,1.42
NASHIK,Small millets,2010-11,Rabi,93100,164100,1.76
OSMANABAD,Small millets,2010-11,Rabi,313200,248500,0.79
PARBHANI,Small millets,2010-11,Rabi,209300,148400,0.71
PUNE,Small millets,2010-11,Rabi,524300,494800,0.94
SANGLI,Small millets,2010-11,Rabi,235500,224900,0.95
SOLAPUR,Small millets,2010-11,Rabi,765000,592400,0.77
WARDHA,Small millets,2010-11,Rabi,30700,49700,1.62
AHMEDNAGAR,Soyabean,2010-11,Kharif,50700,90800,1.79
AKOLA,Soyabean,2010-11,Kharif,126600,238400,1.88
AMRAVATI,Soyabean,2010-11,Kharif,273300,444500,1.63
AURANGABAD,Soyabean,2010-11,Kharif,7700,16400,2.13
BEED,Soyabean,2010-11,Kharif,70400,96600,1.37
BULDHANA,Soyabean,2010-11,Kharif,225500,416100,1.85
CHANDRAPUR,Soyabean,2010-11,Kharif,148300,148600,1
DHULE,Soyabean,2010-11,Kharif,21100,47100,2.23
GADCHIROLI,Soyabean,2010-11,Kharif,7500,6900,0.92
HINGOLI,Soyabean,2010-11,Kharif,148300,237400,1.6
JALGAON,Soyabean,2010-11,Kharif,12900,26200,2.03
KOLHAPUR,Soyabean,2010-11,Kharif,49200,137100,2.79
LATUR,Soyabean,2010-11,Kharif,194500,431800,2.22
NAGPUR,Soyabean,2010-11,Kharif,242400,287100,1.18
NANDED,Soyabean,2010-11,Kharif,181200,268400,1.48
NANDURBAR,Soyabean,2010-11,Kharif,33100,53600,1.62
NASHIK,Soyabean,2010-11,Kharif,56900,80900,1.42
OSMANABAD,Soyabean,2010-11,Kharif,65200,111400,1.71
SANGLI,Soyabean,2010-11,Kharif,57300,119600,2.09
SATARA,Soyabean,2010-11,Kharif,40100,65400,1.63
WASHIM,Soyabean,2010-11,Kharif,209200,298700,1.43
YAVATMAL,Soyabean,2010-11,Kharif,198500,273100,1.38
AHMEDNAGAR,Sugarcane,2010-11,Whole Year,126000,11516400,91.4
AURANGABAD,Sugarcane,2010-11,Whole Year,23300,1959500,84.1
BEED,Sugarcane,2010-11,Whole Year,58800,3874900,65.9
DHULE,Sugarcane,2010-11,Whole Year,5300,442600,83.51
HINGOLI,Sugarcane,2010-11,Whole Year,4600,303600,66
JALGAON,Sugarcane,2010-11,Whole Year,11200,877000,78.3
JALNA,Sugarcane,2010-11,Whole Year,19300,1192700,61.8
KOLHAPUR,Sugarcane,2010-11,Whole Year,139900,12591000,90
LATUR,Sugarcane,2010-11,Whole Year,33000,2263800,68.6
NANDED,Sugarcane,2010-11,Whole Year,13700,827500,60.4
NANDURBAR,Sugarcane,2010-11,Whole Year,10200,738500,72.4
NASHIK,Sugarcane,2010-11,Whole Year,25700,1989200,77.4
OSMANABAD,Sugarcane,2010-11,Whole Year,43200,3175200,73.5
PARBHANI,Sugarcane,2010-11,Whole Year,15500,1415200,91.3
PUNE,Sugarcane,2010-11,Whole Year,111500,11083100,99.4
SANGLI,Sugarcane,2010-11,Whole Year,76300,7851300,102.9
SATARA,Sugarcane,2010-11,Whole Year,74000,6963400,94.1
SOLAPUR,Sugarcane,2010-11,Whole Year,163100,16000100,98.1
WARDHA,Sugarcane,2010-11,Whole Year,2000,136800,68.4
YAVATMAL,Sugarcane,2010-11,Whole Year,4500,300600,66.8
LATUR,Urad,2010-11,Kharif,59800,43400,0.73
WASHIM,Urad,2010-11,Kharif,35200,25300,0.72
AHMEDNAGAR,Wheat,2010-11,Rabi,133700,248900,1.86
AKOLA,Wheat,2010-11,Rabi,37800,89900,2.38
AMRAVATI,Wheat,2010-11,Rabi,54700,105400,1.93
AURANGABAD,Wheat,2010-11,Rabi,75300,158400,2.1
BEED,Wheat,2010-11,Rabi,63600,82500,1.3
BHANDARA,Wheat,2010-11,Rabi,11500,12500,1.09
BULDHANA,Wheat,2010-11,Rabi,53800,92700,1.72
DHULE,Wheat,2010-11,Rabi,30300,65300,2.16
HINGOLI,Wheat,2010-11,Rabi,34400,57200,1.66
JALGAON,Wheat,2010-11,Rabi,66000,164600,2.49
KOLHAPUR,Wheat,2010-11,Rabi,8600,22800,2.65
NAGPUR,Wheat,2010-11,Rabi,75200,115700,1.54
NANDED,Wheat,2010-11,Rabi,49000,82700,1.69
NANDURBAR,Wheat,2010-11,Rabi,22700,54300,2.39
NASHIK,Wheat,2010-11,Rabi,75300,143700,1.91
OSMANABAD,Wheat,2010-11,Rabi,41800,43300,1.04
PARBHANI,Wheat,2010-11,Rabi,46400,79500,1.71
PUNE,Wheat,2010-11,Rabi,60000,115900,1.93
SANGLI,Wheat,2010-11,Rabi,39300,72900,1.85
SATARA,Wheat,2010-11,Rabi,43700,86500,1.98
SOLAPUR,Wheat,2010-11,Rabi,87800,122900,1.4
WASHIM,Wheat,2010-11,Rabi,21900,35200,1.61
YAVATMAL,Wheat,2010-11,Rabi,41700,61400,1.47
DHULE,Castor seed,2010-11,Kharif,100,40,0.4
JALGAON,Castor seed,2010-11,Kharif,100,40,0.4
JALNA,Castor seed,2010-11,Kharif,300,40,0.13
NAGPUR,Rapeseed &Mustard,2010-11,Rabi,100,40,0.4
RAIGAD,Rapeseed &Mustard,2010-11,Rabi,100,40,0.4
RATNAGIRI,Rapeseed &Mustard,2010-11,Rabi,100,40,0.4
SINDHUDURG,Rapeseed &Mustard,2010-11,Rabi,100,40,0.4
NAGPUR,Sesamum,2010-11,Kharif,100,40,0.4
AURANGABAD,Castor seed,2010-11,Kharif,100,50,0.5
PUNE,Rapeseed &Mustard,2010-11,Rabi,100,50,0.5
RATNAGIRI,Sesamum,2010-11,Kharif,100,50,0.5
BULDHANA,Small millets,2010-11,Kharif,100,50,0.5
CHANDRAPUR,Sesamum,2010-11,Rabi,200,60,0.3
AKOLA,Castor seed,2010-11,Kharif,100,100,1
CHANDRAPUR,Castor seed,2010-11,Kharif,100,100,1
HINGOLI,Castor seed,2010-11,Kharif,400,100,0.25
KOLHAPUR,Castor seed,2010-11,Kharif,200,100,0.5
NAGPUR,Castor seed,2010-11,Kharif,100,100,1
OSMANABAD,Castor seed,2010-11,Kharif,500,100,0.2
SOLAPUR,Castor seed,2010-11,Kharif,100,100,1
BHANDARA,Groundnut,2010-11,Summer,100,100,1
JALNA,Groundnut,2010-11,Summer,100,100,1
PARBHANI,Groundnut,2010-11,Kharif,100,100,1
RAIGAD,Groundnut,2010-11,Kharif,100,100,1
WARDHA,Groundnut,2010-11,Kharif,200,100,0.5
AKOLA,Jowar,2010-11,Rabi,100,100,1
YAVATMAL,Jowar,2010-11,Rabi,100,100,1
AHMEDNAGAR,Linseed,2010-11,Rabi,500,100,0.2
AURANGABAD,Linseed,2010-11,Rabi,400,100,0.25
HINGOLI,Linseed,2010-11,Rabi,500,100,0.2
AKOLA,Maize,2010-11,Summer,200,100,0.5
JALNA,Maize,2010-11,Summer,300,100,0.33
BHANDARA,Moong(Green Gram),2010-11,Kharif,200,100,0.5
CHANDRAPUR,Moong(Green Gram),2010-11,Kharif,400,100,0.25
SINDHUDURG,Moong(Green Gram),2010-11,Kharif,100,100,1
WARDHA,Moong(Green Gram),2010-11,Kharif,200,100,0.5
HINGOLI,Niger seed,2010-11,Kharif,300,100,0.33
JALNA,Niger seed,2010-11,Kharif,200,100,0.5
RAIGAD,Niger seed,2010-11,Kharif,400,100,0.25
SANGLI,Niger seed,2010-11,Kharif,200,100,0.5
AMRAVATI,Rapeseed &Mustard,2010-11,Rabi,300,100,0.33
BEED,Rapeseed &Mustard,2010-11,Rabi,400,100,0.25
BHANDARA,Rapeseed &Mustard,2010-11,Rabi,300,100,0.33
GONDIA,Rapeseed &Mustard,2010-11,Rabi,300,100,0.33
JALGAON,Rapeseed &Mustard,2010-11,Rabi,100,100,1
NANDURBAR,Rapeseed &Mustard,2010-11,Rabi,200,100,0.5
NASHIK,Rapeseed &Mustard,2010-11,Rabi,200,100,0.5
THANE,Rapeseed &Mustard,2010-11,Rabi,200,100,0.5
AHMEDNAGAR,Sesamum,2010-11,Kharif,500,100,0.2
NANDED,Sesamum,2010-11,Rabi,200,100,0.5
PUNE,Sesamum,2010-11,Rabi,400,100,0.25
RAIGAD,Sesamum,2010-11,Kharif,200,100,0.5
SANGLI,Sesamum,2010-11,Rabi,200,100,0.5
SOLAPUR,Sesamum,2010-11,Kharif,300,100,0.33
AKOLA,Small millets,2010-11,Kharif,100,100,1
GADCHIROLI,Small millets,2010-11,Kharif,100,100,1
JALNA,Small millets,2010-11,Kharif,200,100,0.5
LATUR,Small millets,2010-11,Kharif,700,100,0.14
NAGPUR,Small millets,2010-11,Kharif,100,100,1
NANDED,Small millets,2010-11,Kharif,400,100,0.25
OSMANABAD,Small millets,2010-11,Kharif,600,100,0.17
PARBHANI,Small millets,2010-11,Kharif,200,100,0.5
RAIGAD,Small millets,2010-11,Rabi,100,100,1
WARDHA,Small millets,2010-11,Kharif,100,100,1
AKOLA,Sunflower,2010-11,Summer,100,100,1
AMRAVATI,Sunflower,2010-11,Summer,100,100,1
AURANGABAD,Sunflower,2010-11,Summer,100,100,1
HINGOLI,Sunflower,2010-11,Kharif,200,100,0.5
JALGAON,Sunflower,2010-11,Summer,100,100,1
JALNA,Sunflower,2010-11,Summer,100,100,1
NANDURBAR,Sunflower,2010-11,Kharif,300,100,0.33
NASHIK,Sunflower,2010-11,Kharif,200,100,0.5
WARDHA,Sunflower,2010-11,Rabi,100,100,1
WASHIM,Sunflower,2010-11,Summer,100,100,1
BHANDARA,Urad,2010-11,Kharif,100,100,1
GADCHIROLI,Urad,2010-11,Kharif,100,100,1
GONDIA,Urad,2010-11,Kharif,100,100,1
SINDHUDURG,Urad,2010-11,Kharif,200,100,0.5
WARDHA,Urad,2010-11,Kharif,100,100,1
SOLAPUR,Linseed,2010-11,Rabi,400,110,0.28
AHMEDNAGAR,Castor seed,2011-12,Kharif,100,20,0.2
SATARA,Linseed,2011-12,Rabi,100,20,0.2
AURANGABAD,Niger seed,2011-12,Kharif,100,20,0.2
JALNA,Niger seed,2011-12,Kharif,100,20,0.2
RAIGAD,Sesamum,2011-12,Rabi,100,20,0.2
SINDHUDURG,Sesamum,2011-12,Rabi,100,20,0.2
CHANDRAPUR,Small millets,2011-12,Rabi,100,20,0.2
NANDED,Small millets,2011-12,Rabi,100,20,0.2
DHULE,Bajra,2011-12,Kharif,112500,123200,1.1
JALNA,Bajra,2011-12,Kharif,26400,27200,1.03
NASHIK,Bajra,2011-12,Kharif,165900,170100,1.03
PUNE,Bajra,2011-12,Kharif,50700,40700,0.8
SATARA,Bajra,2011-12,Kharif,25700,16400,0.64
AHMEDNAGAR,Cotton(lint),2011-12,Kharif,112000,238100,2.13
AKOLA,Cotton(lint),2011-12,Kharif,169400,259300,1.53
AMRAVATI,Cotton(lint),2011-12,Kharif,187400,270200,1.44
AURANGABAD,Cotton(lint),2011-12,Kharif,379300,696500,1.84
BEED,Cotton(lint),2011-12,Kharif,329000,418900,1.27
BULDHANA,Cotton(lint),2011-12,Kharif,256900,321700,1.25
CHANDRAPUR,Cotton(lint),2011-12,Kharif,100000,158900,1.59
DHULE,Cotton(lint),2011-12,Kharif,156200,270100,1.73
HINGOLI,Cotton(lint),2011-12,Kharif,89600,143400,1.6
JALGAON,Cotton(lint),2011-12,Kharif,548600,1040400,1.9
JALNA,Cotton(lint),2011-12,Kharif,306900,527100,1.72
NAGPUR,Cotton(lint),2011-12,Kharif,102100,141800,1.39
NANDED,Cotton(lint),2011-12,Kharif,326600,520900,1.59
NANDURBAR,Cotton(lint),2011-12,Kharif,57200,81300,1.42
NASHIK,Cotton(lint),2011-12,Kharif,47000,96500,2.05
OSMANABAD,Cotton(lint),2011-12,Kharif,20500,37600,1.83
PARBHANI,Cotton(lint),2011-12,Kharif,240500,413400,1.72
WARDHA,Cotton(lint),2011-12,Kharif,178400,336700,1.89
WASHIM,Cotton(lint),2011-12,Kharif,64000,103900,1.62
YAVATMAL,Cotton(lint),2011-12,Kharif,481100,713500,1.48
AMRAVATI,Gram,2011-12,Rabi,68900,67200,0.98
BULDHANA,Gram,2011-12,Rabi,48100,40300,0.84
JALGAON,Gram,2011-12,Rabi,36200,47100,1.3
LATUR,Gram,2011-12,Rabi,65400,57200,0.87
NAGPUR,Gram,2011-12,Rabi,69900,61800,0.88
OSMANABAD,Gram,2011-12,Rabi,54200,38200,0.7
SOLAPUR,Gram,2011-12,Rabi,24800,16400,0.66
WARDHA,Gram,2011-12,Rabi,28000,19900,0.71
KOLHAPUR,Groundnut,2011-12,Kharif,49500,62800,1.27
PUNE,Groundnut,2011-12,Kharif,39200,41400,1.06
SATARA,Groundnut,2011-12,Kharif,42300,59500,1.41
AHMEDNAGAR,Jowar,2011-12,Rabi,434600,123200,0.28
AKOLA,Jowar,2011-12,Kharif,40600,124300,3.06
AURANGABAD,Jowar,2011-12,Kharif,5900,11600,1.97
AURANGABAD,Jowar,2011-12,Rabi,86300,65200,0.76
BEED,Jowar,2011-12,Rabi,170400,117700,0.69
DHULE,Jowar,2011-12,Kharif,22000,34500,1.57
HINGOLI,Jowar,2011-12,Kharif,42900,53700,1.25
JALGAON,Jowar,2011-12,Kharif,75700,177600,2.35
JALNA,Jowar,2011-12,Rabi,81800,60100,0.73
KOLHAPUR,Jowar,2011-12,Rabi,11800,19300,1.64
LATUR,Jowar,2011-12,Kharif,106200,139700,1.32
LATUR,Jowar,2011-12,Rabi,27100,27300,1.01
NANDED,Jowar,2011-12,Kharif,129300,167400,1.29
NANDED,Jowar,2011-12,Rabi,28200,26500,0.94
NANDURBAR,Jowar,2011-12,Kharif,25200,60100,2.38
NANDURBAR,Jowar,2011-12,Rabi,23400,30400,1.3
OSMANABAD,Jowar,2011-12,Kharif,55100,57900,1.05
PARBHANI,Jowar,2011-12,Kharif,60000,79000,1.32
PARBHANI,Jowar,2011-12,Rabi,160200,124300,0.78
PUNE,Jowar,2011-12,Rabi,173600,101100,0.58
SANGLI,Jowar,2011-12,Kharif,60400,45300,0.75
SANGLI,Jowar,2011-12,Rabi,177200,41900,0.24
SATARA,Jowar,2011-12,Kharif,36300,65100,1.79
SATARA,Jowar,2011-12,Rabi,139900,86800,0.62
SOLAPUR,Jowar,2011-12,Rabi,482600,193000,0.4
KOLHAPUR,Castor seed,2011-12,Kharif,100,30,0.3
SOLAPUR,Castor seed,2011-12,Kharif,100,30,0.3
SINDHUDURG,Niger seed,2011-12,Kharif,100,30,0.3
HINGOLI,Rapeseed &Mustard,2011-12,Rabi,100,30,0.3
OSMANABAD,Rapeseed &Mustard,2011-12,Rabi,100,30,0.3
RATNAGIRI,Rapeseed &Mustard,2011-12,Rabi,100,30,0.3
NAGPUR,Sesamum,2011-12,Kharif,100,30,0.3
NANDED,Sesamum,2011-12,Rabi,100,30,0.3
SANGLI,Sesamum,2011-12,Kharif,100,30,0.3
BHANDARA,Urad,2011-12,Kharif,100,30,0.3
GONDIA,Urad,2011-12,Kharif,100,30,0.3
AHMEDNAGAR,Maize,2011-12,Rabi,9200,22600,2.46
AURANGABAD,Maize,2011-12,Kharif,144200,469300,3.25
BULDHANA,Maize,2011-12,Kharif,57200,159200,2.78
JALGAON,Maize,2011-12,Kharif,65000,235100,3.62
JALGAON,Maize,2011-12,Rabi,12200,34700,2.84
JALNA,Maize,2011-12,Kharif,58700,152900,2.6
NANDURBAR,Maize,2011-12,Kharif,29200,88100,3.02
NASHIK,Maize,2011-12,Kharif,173800,554000,3.19
SANGLI,Maize,2011-12,Kharif,32800,73200,2.23
SANGLI,Maize,2011-12,Rabi,17700,31500,1.78
SATARA,Maize,2011-12,Kharif,11900,19900,1.67
SATARA,Maize,2011-12,Rabi,6700,19500,2.91
SOLAPUR,Maize,2011-12,Kharif,15200,37800,2.49
SOLAPUR,Maize,2011-12,Rabi,21900,39800,1.82
JALGAON,Moong(Green Gram),2011-12,Kharif,36900,24600,0.67
JALNA,Moong(Green Gram),2011-12,Kharif,25300,12500,0.49
NASHIK,Ragi,2011-12,Kharif,40000,36300,0.91
PUNE,Ragi,2011-12,Kharif,10300,11900,1.16
CHANDRAPUR,Rice,2011-12,Kharif,158100,199900,1.26
GADCHIROLI,Rice,2011-12,Kharif,152200,182300,1.2
GONDIA,Rice,2011-12,Kharif,172800,294800,1.71
KOLHAPUR,Rice,2011-12,Kharif,104300,278900,2.67
NAGPUR,Rice,2011-12,Kharif,77500,117400,1.51
NASHIK,Rice,2011-12,Kharif,62900,77800,1.24
PUNE,Rice,2011-12,Kharif,62000,85600,1.38
RAIGAD,Rice,2011-12,Kharif,123800,298600,2.41
RATNAGIRI,Rice,2011-12,Kharif,77400,226100,2.92
SINDHUDURG,Rice,2011-12,Kharif,74200,202500,2.73
THANE,Rice,2011-12,Kharif,137500,337200,2.45
AHMEDNAGAR,Soyabean,2011-12,Kharif,58600,122700,2.09
AKOLA,Soyabean,2011-12,Kharif,140600,167700,1.19
AMRAVATI,Soyabean,2011-12,Kharif,296700,373100,1.26
BEED,Soyabean,2011-12,Kharif,76400,118100,1.55
BULDHANA,Soyabean,2011-12,Kharif,258800,374200,1.45
CHANDRAPUR,Soyabean,2011-12,Kharif,146800,129700,0.88
HINGOLI,Soyabean,2011-12,Kharif,146700,204200,1.39
JALGAON,Soyabean,2011-12,Kharif,15800,31600,2
JALNA,Soyabean,2011-12,Kharif,60300,90000,1.49
LATUR,Soyabean,2011-12,Kharif,265400,437200,1.65
NAGPUR,Soyabean,2011-12,Kharif,241200,157300,0.65
NANDED,Soyabean,2011-12,Kharif,183000,233800,1.28
NANDURBAR,Soyabean,2011-12,Kharif,32300,57500,1.78
NASHIK,Soyabean,2011-12,Kharif,58600,81500,1.39
OSMANABAD,Soyabean,2011-12,Kharif,90800,137400,1.51
PARBHANI,Soyabean,2011-12,Kharif,129800,154500,1.19
SANGLI,Soyabean,2011-12,Kharif,59800,99900,1.67
WARDHA,Soyabean,2011-12,Kharif,173000,150600,0.87
WASHIM,Soyabean,2011-12,Kharif,219100,290600,1.33
YAVATMAL,Soyabean,2011-12,Kharif,221400,298100,1.35
AHMEDNAGAR,Sugarcane,2011-12,Whole Year,129500,11879200,91.73
AURANGABAD,Sugarcane,2011-12,Whole Year,20100,1705200,84.84
BEED,Sugarcane,2011-12,Whole Year,53600,3487500,65.07
BHANDARA,Sugarcane,2011-12,Whole Year,3000,231700,77.23
DHULE,Sugarcane,2011-12,Whole Year,5200,359600,69.15
GONDIA,Sugarcane,2011-12,Whole Year,400,25400,63.5
HINGOLI,Sugarcane,2011-12,Whole Year,8400,556800,66.29
JALGAON,Sugarcane,2011-12,Whole Year,11200,820000,73.21
JALNA,Sugarcane,2011-12,Whole Year,18700,1306400,69.86
KOLHAPUR,Sugarcane,2011-12,Whole Year,146100,12847200,87.93
LATUR,Sugarcane,2011-12,Whole Year,42900,3113200,72.57
NANDED,Sugarcane,2011-12,Whole Year,23900,1752000,73.31
NANDURBAR,Sugarcane,2011-12,Whole Year,8300,778700,93.82
NASHIK,Sugarcane,2011-12,Whole Year,24600,1861200,75.66
OSMANABAD,Sugarcane,2011-12,Whole Year,54500,3663100,67.21
PARBHANI,Sugarcane,2011-12,Whole Year,17200,1166200,67.8
PUNE,Sugarcane,2011-12,Whole Year,129900,13157600,101.29
SANGLI,Sugarcane,2011-12,Whole Year,70500,7163400,101.61
SATARA,Sugarcane,2011-12,Whole Year,70600,6962600,98.62
SOLAPUR,Sugarcane,2011-12,Whole Year,173400,15936200,91.9
WARDHA,Sugarcane,2011-12,Whole Year,3700,244300,66.03
YAVATMAL,Sugarcane,2011-12,Whole Year,4700,330500,70.32
JALGAON,Urad,2011-12,Kharif,42700,31900,0.75
AHMEDNAGAR,Wheat,2011-12,Rabi,48100,88700,1.84
AKOLA,Wheat,2011-12,Rabi,16700,36600,2.19
AMRAVATI,Wheat,2011-12,Rabi,32500,58900,1.81
AURANGABAD,Wheat,2011-12,Rabi,39900,74200,1.86
BEED,Wheat,2011-12,Rabi,39800,52800,1.33
BULDHANA,Wheat,2011-12,Rabi,41100,67900,1.65
DHULE,Wheat,2011-12,Rabi,34300,78600,2.29
HINGOLI,Wheat,2011-12,Rabi,36000,64200,1.78
JALGAON,Wheat,2011-12,Rabi,25900,60200,2.32
LATUR,Wheat,2011-12,Rabi,29100,43300,1.49
NAGPUR,Wheat,2011-12,Rabi,79000,116400,1.47
NANDED,Wheat,2011-12,Rabi,31100,54100,1.74
NANDURBAR,Wheat,2011-12,Rabi,18000,48100,2.67
NASHIK,Wheat,2011-12,Rabi,52400,102600,1.96
OSMANABAD,Wheat,2011-12,Rabi,30300,37500,1.24
PARBHANI,Wheat,2011-12,Rabi,39600,62500,1.58
PUNE,Wheat,2011-12,Rabi,55300,105600,1.91
SATARA,Wheat,2011-12,Rabi,36600,67800,1.85
SOLAPUR,Wheat,2011-12,Rabi,29300,34900,1.19
WARDHA,Wheat,2011-12,Rabi,23100,34400,1.49
WASHIM,Wheat,2011-12,Rabi,20100,24600,1.22
YAVATMAL,Wheat,2011-12,Rabi,34100,58500,1.72
BHANDARA,Groundnut,2011-12,Summer,100,40,0.4
HINGOLI,Groundnut,2011-12,Kharif,100,40,0.4
SOLAPUR,Linseed,2011-12,Rabi,200,40,0.2
GONDIA,Moong(Green Gram),2011-12,Kharif,100,40,0.4
RAIGAD,Rapeseed &Mustard,2011-12,Rabi,100,40,0.4
WARDHA,Rapeseed &Mustard,2011-12,Rabi,100,40,0.4
AHMEDNAGAR,Small millets,2011-12,Rabi,100,40,0.4
CHANDRAPUR,Small millets,2011-12,Kharif,100,40,0.4
GADCHIROLI,Small millets,2011-12,Kharif,100,40,0.4
NAGPUR,Small millets,2011-12,Kharif,100,40,0.4
NANDURBAR,Small millets,2011-12,Rabi,100,40,0.4
SINDHUDURG,Small millets,2011-12,Kharif,200,40,0.2
RATNAGIRI,Sesamum,2011-12,Kharif,100,50,0.5
NASHIK,Sunflower,2011-12,Kharif,100,50,0.5
AMRAVATI,Castor seed,2011-12,Kharif,200,100,0.5
CHANDRAPUR,Castor seed,2011-12,Kharif,200,100,0.5
HINGOLI,Castor seed,2011-12,Kharif,100,100,1
NAGPUR,Castor seed,2011-12,Kharif,200,100,0.5
NANDED,Castor seed,2011-12,Kharif,500,100,0.2
NANDURBAR,Castor seed,2011-12,Kharif,200,100,0.5
OSMANABAD,Castor seed,2011-12,Kharif,300,100,0.33
JALNA,Groundnut,2011-12,Summer,100,100,1
NANDED,Groundnut,2011-12,Kharif,100,100,1
PALGHAR,Groundnut,2011-12,Summer,100,100,1
RAIGAD,Groundnut,2011-12,Kharif,100,100,1
RATNAGIRI,Groundnut,2011-12,Kharif,100,100,1
YAVATMAL,Groundnut,2011-12,Kharif,100,100,1
AKOLA,Jowar,2011-12,Rabi,100,100,1
YAVATMAL,Jowar,2011-12,Rabi,100,100,1
AHMEDNAGAR,Linseed,2011-12,Rabi,300,100,0.33
HINGOLI,Linseed,2011-12,Rabi,300,100,0.33
BULDHANA,Maize,2011-12,Summer,100,100,1
GONDIA,Maize,2011-12,Kharif,200,100,0.5
WARDHA,Maize,2011-12,Kharif,100,100,1
WASHIM,Maize,2011-12,Summer,100,100,1
BHANDARA,Moong(Green Gram),2011-12,Kharif,200,100,0.5
CHANDRAPUR,Moong(Green Gram),2011-12,Kharif,700,100,0.14
GADCHIROLI,Moong(Green Gram),2011-12,Kharif,300,100,0.33
RAIGAD,Moong(Green Gram),2011-12,Kharif,200,100,0.5
RATNAGIRI,Moong(Green Gram),2011-12,Kharif,200,100,0.5
WARDHA,Moong(Green Gram),2011-12,Kharif,400,100,0.25
BEED,Niger seed,2011-12,Kharif,600,100,0.17
HINGOLI,Niger seed,2011-12,Kharif,400,100,0.25
RAIGAD,Niger seed,2011-12,Kharif,400,100,0.25
SANGLI,Niger seed,2011-12,Kharif,200,100,0.5
SANGLI,Ragi,2011-12,Kharif,100,100,1
BEED,Rapeseed &Mustard,2011-12,Rabi,300,100,0.33
BHANDARA,Rapeseed &Mustard,2011-12,Rabi,300,100,0.33
CHANDRAPUR,Rapeseed &Mustard,2011-12,Rabi,200,100,0.5
GONDIA,Rapeseed &Mustard,2011-12,Rabi,200,100,0.5
NANDED,Rapeseed &Mustard,2011-12,Rabi,200,100,0.5
SINDHUDURG,Rapeseed &Mustard,2011-12,Rabi,200,100,0.5
THANE,Rapeseed &Mustard,2011-12,Rabi,200,100,0.5
YAVATMAL,Rice,2011-12,Kharif,100,100,1
AMRAVATI,Safflower,2011-12,Rabi,100,100,1
JALGAON,Safflower,2011-12,Rabi,200,100,0.5
PUNE,Safflower,2011-12,Rabi,600,100,0.17
AHMEDNAGAR,Sesamum,2011-12,Kharif,500,100,0.2
BHANDARA,Sesamum,2011-12,Kharif,400,100,0.25
CHANDRAPUR,Sesamum,2011-12,Kharif,500,100,0.2
NASHIK,Sesamum,2011-12,Kharif,100,100,1
RAIGAD,Sesamum,2011-12,Kharif,100,100,1
SATARA,Sesamum,2011-12,Kharif,300,100,0.33
SINDHUDURG,Sesamum,2011-12,Kharif,100,100,1
SOLAPUR,Sesamum,2011-12,Kharif,300,100,0.33
WARDHA,Sesamum,2011-12,Kharif,200,100,0.5
WASHIM,Sesamum,2011-12,Kharif,500,100,0.2
AURANGABAD,Small millets,2011-12,Kharif,200,100,0.5
HINGOLI,Small millets,2011-12,Rabi,200,100,0.5
JALNA,Small millets,2011-12,Kharif,200,100,0.5
NASHIK,Small millets,2011-12,Rabi,200,100,0.5
PARBHANI,Small millets,2011-12,Kharif,200,100,0.5
RATNAGIRI,Small millets,2011-12,Rabi,100,100,1
SANGLI,Small millets,2011-12,Rabi,100,100,1
SATARA,Small millets,2011-12,Rabi,100,100,1
SINDHUDURG,Small millets,2011-12,Rabi,100,100,1
SOLAPUR,Small millets,2011-12,Kharif,100,100,1
AHMEDNAGAR,Sunflower,2011-12,Summer,100,100,1
AMRAVATI,Sunflower,2011-12,Kharif,200,100,0.5
AMRAVATI,Sunflower,2011-12,Summer,100,100,1
AURANGABAD,Sunflower,2011-12,Rabi,300,100,0.33
AURANGABAD,Sunflower,2011-12,Summer,100,100,1
HINGOLI,Sunflower,2011-12,Kharif,100,100,1
JALGAON,Sunflower,2011-12,Summer,100,100,1
KOLHAPUR,Sunflower,2011-12,Kharif,200,100,0.5
SATARA,Sunflower,2011-12,Rabi,200,100,0.5
WASHIM,Sunflower,2011-12,Summer,100,100,1
CHANDRAPUR,Urad,2011-12,Kharif,300,100,0.33
WARDHA,Urad,2011-12,Kharif,200,100,0.5
THANE,Wheat,2011-12,Rabi,100,100,1
SOLAPUR,Linseed,2012-13,Rabi,100,10,0.1
AHMEDNAGAR,Castor seed,2012-13,Kharif,200,20,0.1
CHANDRAPUR,Castor seed,2012-13,Kharif,200,20,0.1
CHANDRAPUR,Groundnut,2012-13,Summer,10,20,2
GADCHIROLI,Groundnut,2012-13,Summer,10,20,2
AURANGABAD,Niger seed,2012-13,Kharif,100,20,0.2
JALNA,Niger seed,2012-13,Kharif,100,20,0.2
SOLAPUR,Niger seed,2012-13,Kharif,100,20,0.2
NASHIK,Rapeseed &Mustard,2012-13,Rabi,100,20,0.2
THANE,Rapeseed &Mustard,2012-13,Rabi,100,20,0.2
SATARA,Sesamum,2012-13,Kharif,100,20,0.2
CHANDRAPUR,Small millets,2012-13,Kharif,100,20,0.2
GADCHIROLI,Small millets,2012-13,Kharif,100,20,0.2
GONDIA,Small millets,2012-13,Kharif,100,20,0.2
NANDURBAR,Small millets,2012-13,Rabi,100,20,0.2
AURANGABAD,Bajra,2012-13,Kharif,68500,44500,0.65
JALNA,Bajra,2012-13,Kharif,26100,14200,0.54
NASHIK,Bajra,2012-13,Kharif,154800,124800,0.81
PUNE,Bajra,2012-13,Kharif,36000,16700,0.46
AHMEDNAGAR,Cotton(lint),2012-13,Kharif,96200,88100,0.92
AKOLA,Cotton(lint),2012-13,Kharif,169400,324000,1.91
AMRAVATI,Cotton(lint),2012-13,Kharif,191300,611500,3.2
AURANGABAD,Cotton(lint),2012-13,Kharif,379300,378400,1
BEED,Cotton(lint),2012-13,Kharif,329000,341000,1.04
BULDHANA,Cotton(lint),2012-13,Kharif,253900,346100,1.36
CHANDRAPUR,Cotton(lint),2012-13,Kharif,107700,269900,2.51
DHULE,Cotton(lint),2012-13,Kharif,160500,260200,1.62
JALGAON,Cotton(lint),2012-13,Kharif,558800,853300,1.53
JALNA,Cotton(lint),2012-13,Kharif,289000,190200,0.66
NAGPUR,Cotton(lint),2012-13,Kharif,89400,176700,1.98
NANDED,Cotton(lint),2012-13,Kharif,326600,527200,1.61
NANDURBAR,Cotton(lint),2012-13,Kharif,79200,96500,1.22
NASHIK,Cotton(lint),2012-13,Kharif,45700,76700,1.68
OSMANABAD,Cotton(lint),2012-13,Kharif,26000,30400,1.17
PARBHANI,Cotton(lint),2012-13,Kharif,273600,548000,2
WARDHA,Cotton(lint),2012-13,Kharif,172400,324900,1.88
YAVATMAL,Cotton(lint),2012-13,Kharif,467600,981400,2.1
AHMEDNAGAR,Gram,2012-13,Rabi,59400,21700,0.37
AKOLA,Gram,2012-13,Rabi,80400,57900,0.72
AMRAVATI,Gram,2012-13,Rabi,80300,100300,1.25
BEED,Gram,2012-13,Rabi,39900,19900,0.5
CHANDRAPUR,Gram,2012-13,Rabi,29100,23600,0.81
HINGOLI,Gram,2012-13,Rabi,48900,36100,0.74
JALGAON,Gram,2012-13,Rabi,34400,24900,0.72
NAGPUR,Gram,2012-13,Rabi,71000,60500,0.85
PARBHANI,Gram,2012-13,Rabi,57300,33500,0.58
YAVATMAL,Gram,2012-13,Rabi,45600,54100,1.19
KOLHAPUR,Groundnut,2012-13,Kharif,50400,68400,1.36
NASHIK,Groundnut,2012-13,Kharif,30100,26200,0.87
SATARA,Groundnut,2012-13,Kharif,46200,57200,1.24
YAVATMAL,Groundnut,2012-13,Summer,8600,14200,1.65
AKOLA,Jowar,2012-13,Kharif,41600,71800,1.73
BEED,Jowar,2012-13,Rabi,186500,48200,0.26
BULDHANA,Jowar,2012-13,Kharif,41600,70700,1.7
DHULE,Jowar,2012-13,Kharif,20400,31900,1.56
HINGOLI,Jowar,2012-13,Kharif,50500,76500,1.51
JALGAON,Jowar,2012-13,Kharif,77500,150200,1.94
KOLHAPUR,Jowar,2012-13,Rabi,16500,22200,1.35
LATUR,Jowar,2012-13,Kharif,99900,166000,1.66
NANDED,Jowar,2012-13,Kharif,129400,157600,1.22
NANDED,Jowar,2012-13,Rabi,22600,19300,0.85
NANDURBAR,Jowar,2012-13,Kharif,27100,53900,1.99
OSMANABAD,Jowar,2012-13,Kharif,51000,23200,0.45
OSMANABAD,Jowar,2012-13,Rabi,245300,95300,0.39
PARBHANI,Jowar,2012-13,Kharif,80500,91700,1.14
PARBHANI,Jowar,2012-13,Rabi,183200,135300,0.74
SANGLI,Jowar,2012-13,Kharif,55800,26600,0.48
SATARA,Jowar,2012-13,Rabi,123600,70700,0.57
SOLAPUR,Jowar,2012-13,Rabi,480700,132900,0.28
WASHIM,Jowar,2012-13,Kharif,15900,19500,1.23
YAVATMAL,Jowar,2012-13,Kharif,59600,68700,1.15
WASHIM,Castor seed,2012-13,Kharif,100,30,0.3
SANGLI,Niger seed,2012-13,Kharif,100,30,0.3
SANGLI,Rapeseed &Mustard,2012-13,Rabi,100,30,0.3
SATARA,Rapeseed &Mustard,2012-13,Rabi,100,30,0.3
PUNE,Safflower,2012-13,Rabi,600,30,0.05
NAGPUR,Sesamum,2012-13,Rabi,100,30,0.3
PUNE,Sesamum,2012-13,Rabi,100,30,0.3
SANGLI,Sesamum,2012-13,Rabi,100,30,0.3
GADCHIROLI,Small millets,2012-13,Rabi,100,30,0.3
NAGPUR,Small millets,2012-13,Kharif,100,30,0.3
KOLHAPUR,Sunflower,2012-13,Kharif,100,30,0.3
AHMEDNAGAR,Maize,2012-13,Kharif,45000,91900,2.04
AHMEDNAGAR,Maize,2012-13,Rabi,14700,24800,1.69
AURANGABAD,Maize,2012-13,Kharif,144200,291100,2.02
DHULE,Maize,2012-13,Kharif,61800,159700,2.58
JALGAON,Maize,2012-13,Kharif,70600,188600,2.67
JALGAON,Maize,2012-13,Rabi,11600,31600,2.72
NANDURBAR,Maize,2012-13,Kharif,32000,84700,2.65
NASHIK,Maize,2012-13,Kharif,168100,496100,2.95
PUNE,Maize,2012-13,Kharif,9500,23300,2.45
PUNE,Maize,2012-13,Rabi,15200,41900,2.76
SANGLI,Maize,2012-13,Kharif,17900,32400,1.81
SOLAPUR,Maize,2012-13,Rabi,21100,39900,1.89
AMRAVATI,Moong(Green Gram),2012-13,Kharif,50800,11600,0.23
HINGOLI,Moong(Green Gram),2012-13,Kharif,22900,14200,0.62
WASHIM,Moong(Green Gram),2012-13,Kharif,37700,31900,0.85
NASHIK,Ragi,2012-13,Kharif,35900,35400,0.99
BHANDARA,Rice,2012-13,Kharif,177200,360500,2.03
BHANDARA,Rice,2012-13,Summer,7100,18700,2.63
CHANDRAPUR,Rice,2012-13,Kharif,158200,250500,1.58
GADCHIROLI,Rice,2012-13,Kharif,151400,228800,1.51
GONDIA,Rice,2012-13,Kharif,177500,334600,1.89
KOLHAPUR,Rice,2012-13,Kharif,107800,282200,2.62
NAGPUR,Rice,2012-13,Kharif,67000,100200,1.5
NANDURBAR,Rice,2012-13,Kharif,19500,28400,1.46
RAIGAD,Rice,2012-13,Kharif,124100,323000,2.6
RATNAGIRI,Rice,2012-13,Kharif,73800,214800,2.91
SATARA,Rice,2012-13,Kharif,51000,70000,1.37
THANE,Rice,2012-13,Kharif,137500,356800,2.59
HINGOLI,Safflower,2012-13,Rabi,22100,16300,0.74
AKOLA,Soyabean,2012-13,Kharif,151000,290400,1.92
AMRAVATI,Soyabean,2012-13,Kharif,309500,471800,1.52
BULDHANA,Soyabean,2012-13,Kharif,279500,430300,1.54
HINGOLI,Soyabean,2012-13,Kharif,150500,286700,1.9
JALNA,Soyabean,2012-13,Kharif,62400,43600,0.7
KOLHAPUR,Soyabean,2012-13,Kharif,49000,127500,2.6
LATUR,Soyabean,2012-13,Kharif,265400,625400,2.36
NAGPUR,Soyabean,2012-13,Kharif,237100,238600,1.01
NANDED,Soyabean,2012-13,Kharif,185000,283400,1.53
NANDURBAR,Soyabean,2012-13,Kharif,24400,49200,2.02
OSMANABAD,Soyabean,2012-13,Kharif,111700,101300,0.91
PARBHANI,Soyabean,2012-13,Kharif,135300,186900,1.38
SANGLI,Soyabean,2012-13,Kharif,63000,100600,1.6
SATARA,Soyabean,2012-13,Kharif,38800,69300,1.79
WARDHA,Soyabean,2012-13,Kharif,176700,188700,1.07
WASHIM,Soyabean,2012-13,Kharif,200300,338200,1.69
YAVATMAL,Soyabean,2012-13,Kharif,236800,389100,1.64
AHMEDNAGAR,Sugarcane,2012-13,Whole Year,115500,8235700,71.3
AMRAVATI,Sugarcane,2012-13,Whole Year,300,16700,55.67
AURANGABAD,Sugarcane,2012-13,Whole Year,14800,630900,42.63
BEED,Sugarcane,2012-13,Whole Year,51400,2817000,54.81
BHANDARA,Sugarcane,2012-13,Whole Year,2900,191300,65.97
DHULE,Sugarcane,2012-13,Whole Year,5300,434100,81.91
HINGOLI,Sugarcane,2012-13,Whole Year,9000,678500,75.39
JALGAON,Sugarcane,2012-13,Whole Year,11000,759100,69.01
JALNA,Sugarcane,2012-13,Whole Year,12800,802600,62.7
KOLHAPUR,Sugarcane,2012-13,Whole Year,142000,13739100,96.75
LATUR,Sugarcane,2012-13,Whole Year,46400,3051100,65.76
NANDED,Sugarcane,2012-13,Whole Year,12800,1047900,81.87
NANDURBAR,Sugarcane,2012-13,Whole Year,10800,794000,73.52
NASHIK,Sugarcane,2012-13,Whole Year,24600,1863900,75.77
OSMANABAD,Sugarcane,2012-13,Whole Year,52200,2233500,42.79
PARBHANI,Sugarcane,2012-13,Whole Year,17000,1212400,71.32
PUNE,Sugarcane,2012-13,Whole Year,137700,13888400,100.86
SANGLI,Sugarcane,2012-13,Whole Year,60700,7066100,116.41
SATARA,Sugarcane,2012-13,Whole Year,59800,5577700,93.27
SOLAPUR,Sugarcane,2012-13,Whole Year,144200,9716600,67.38
WARDHA,Sugarcane,2012-13,Whole Year,2100,180200,85.81
YAVATMAL,Sugarcane,2012-13,Whole Year,4200,355100,84.55
BULDHANA,Urad,2012-13,Kharif,43000,27600,0.64
WASHIM,Urad,2012-13,Kharif,35700,28500,0.8
AHMEDNAGAR,Wheat,2012-13,Rabi,38900,46100,1.19
AKOLA,Wheat,2012-13,Rabi,19900,33900,1.7
AMRAVATI,Wheat,2012-13,Rabi,36100,71500,1.98
BULDHANA,Wheat,2012-13,Rabi,36100,53600,1.48
DHULE,Wheat,2012-13,Rabi,37500,82400,2.2
HINGOLI,Wheat,2012-13,Rabi,37600,52300,1.39
LATUR,Wheat,2012-13,Rabi,31000,47300,1.53
NAGPUR,Wheat,2012-13,Rabi,80200,124800,1.56
NANDED,Wheat,2012-13,Rabi,30400,43500,1.43
NANDURBAR,Wheat,2012-13,Rabi,24000,50900,2.12
SANGLI,Wheat,2012-13,Rabi,20100,36500,1.82
SATARA,Wheat,2012-13,Rabi,35000,58500,1.67
YAVATMAL,Wheat,2012-13,Rabi,36100,64600,1.79
DHULE,Castor seed,2012-13,Kharif,400,40,0.1
AHMEDNAGAR,Linseed,2012-13,Rabi,400,40,0.1
PARBHANI,Linseed,2012-13,Rabi,200,40,0.2
RATNAGIRI,Moong(Green Gram),2012-13,Kharif,200,40,0.2
YAVATMAL,Rice,2012-13,Kharif,100,40,0.4
SATARA,Safflower,2012-13,Rabi,100,40,0.4
RAIGAD,Sesamum,2012-13,Kharif,100,40,0.4
RATNAGIRI,Sesamum,2012-13,Kharif,100,40,0.4
SINDHUDURG,Sesamum,2012-13,Kharif,100,40,0.4
HINGOLI,Small millets,2012-13,Rabi,100,40,0.4
AMRAVATI,Sunflower,2012-13,Kharif,100,40,0.4
HINGOLI,Sunflower,2012-13,Kharif,100,40,0.4
JALNA,Sunflower,2012-13,Rabi,100,40,0.4
NASHIK,Sunflower,2012-13,Kharif,100,40,0.4
NAGPUR,Castor seed,2012-13,Kharif,500,50,0.1
AHMEDNAGAR,Safflower,2012-13,Rabi,1000,50,0.05
NAGPUR,Sesamum,2012-13,Kharif,100,50,0.5
RAIGAD,Small millets,2012-13,Rabi,100,50,0.5
AHMEDNAGAR,Sunflower,2012-13,Rabi,200,50,0.25
AMRAVATI,Sunflower,2012-13,Rabi,100,50,0.5
JALNA,Rapeseed &Mustard,2012-13,Rabi,200,60,0.3
KOLHAPUR,Arhar/Tur,2012-13,Kharif,900,100,0.11
RATNAGIRI,Arhar/Tur,2012-13,Kharif,500,100,0.2
HINGOLI,Castor seed,2012-13,Kharif,300,100,0.33
JALGAON,Castor seed,2012-13,Kharif,500,100,0.2
JALNA,Castor seed,2012-13,Kharif,200,100,0.5
KOLHAPUR,Castor seed,2012-13,Kharif,600,100,0.17
NANDURBAR,Castor seed,2012-13,Kharif,200,100,0.5
PARBHANI,Castor seed,2012-13,Kharif,400,100,0.25
BHANDARA,Groundnut,2012-13,Summer,100,100,1
JALNA,Groundnut,2012-13,Kharif,200,100,0.5
NANDED,Groundnut,2012-13,Kharif,100,100,1
PARBHANI,Groundnut,2012-13,Kharif,200,100,0.5
RAIGAD,Groundnut,2012-13,Kharif,100,100,1
RATNAGIRI,Groundnut,2012-13,Kharif,100,100,1
WARDHA,Groundnut,2012-13,Kharif,200,100,0.5
YAVATMAL,Groundnut,2012-13,Kharif,100,100,1
SOLAPUR,Jowar,2012-13,Kharif,400,100,0.25
BEED,Linseed,2012-13,Rabi,700,100,0.14
CHANDRAPUR,Maize,2012-13,Summer,100,100,1
GONDIA,Maize,2012-13,Kharif,100,100,1
GONDIA,Maize,2012-13,Summer,100,100,1
HINGOLI,Maize,2012-13,Rabi,200,100,0.5
NAGPUR,Maize,2012-13,Summer,100,100,1
NASHIK,Maize,2012-13,Summer,100,100,1
BHANDARA,Moong(Green Gram),2012-13,Kharif,100,100,1
GONDIA,Moong(Green Gram),2012-13,Kharif,100,100,1
RAIGAD,Moong(Green Gram),2012-13,Kharif,300,100,0.33
THANE,Moong(Green Gram),2012-13,Kharif,500,100,0.2
WARDHA,Moong(Green Gram),2012-13,Kharif,200,100,0.5
BEED,Niger seed,2012-13,Kharif,600,100,0.17
HINGOLI,Niger seed,2012-13,Kharif,300,100,0.33
NANDED,Niger seed,2012-13,Kharif,500,100,0.2
BEED,Rapeseed &Mustard,2012-13,Rabi,400,100,0.25
BHANDARA,Rapeseed &Mustard,2012-13,Rabi,400,100,0.25
GONDIA,Rapeseed &Mustard,2012-13,Rabi,300,100,0.33
HINGOLI,Rapeseed &Mustard,2012-13,Rabi,200,100,0.5
NANDED,Rapeseed &Mustard,2012-13,Rabi,300,100,0.33
NANDURBAR,Rapeseed &Mustard,2012-13,Rabi,600,100,0.17
PUNE,Rapeseed &Mustard,2012-13,Rabi,200,100,0.5
PARBHANI,Rice,2012-13,Kharif,1400,100,0.07
SOLAPUR,Rice,2012-13,Kharif,400,100,0.25
AMRAVATI,Safflower,2012-13,Rabi,100,100,1
JALGAON,Safflower,2012-13,Rabi,300,100,0.33
AHMEDNAGAR,Sesamum,2012-13,Kharif,300,100,0.33
GADCHIROLI,Sesamum,2012-13,Rabi,200,100,0.5
JALNA,Sesamum,2012-13,Kharif,300,100,0.33
NANDED,Sesamum,2012-13,Rabi,400,100,0.25
NASHIK,Sesamum,2012-13,Kharif,100,100,1
SOLAPUR,Sesamum,2012-13,Kharif,300,100,0.33
WASHIM,Sesamum,2012-13,Kharif,700,100,0.14
YAVATMAL,Sesamum,2012-13,Kharif,700,100,0.14
AHMEDNAGAR,Small millets,2012-13,Kharif,1100,100,0.09
AHMEDNAGAR,Small millets,2012-13,Rabi,900,100,0.11
AKOLA,Small millets,2012-13,Kharif,100,100,1
AMRAVATI,Small millets,2012-13,Kharif,200,100,0.5
AMRAVATI,Small millets,2012-13,Rabi,200,100,0.5
DHULE,Small millets,2012-13,Rabi,100,100,1
HINGOLI,Small millets,2012-13,Kharif,200,100,0.5
PARBHANI,Small millets,2012-13,Kharif,300,100,0.33
PARBHANI,Small millets,2012-13,Rabi,200,100,0.5
SANGLI,Small millets,2012-13,Rabi,200,100,0.5
SATARA,Small millets,2012-13,Rabi,500,100,0.2
THANE,Small millets,2012-13,Rabi,100,100,1
AKOLA,Sunflower,2012-13,Rabi,200,100,0.5
AURANGABAD,Sunflower,2012-13,Rabi,400,100,0.25
JALGAON,Sunflower,2012-13,Kharif,400,100,0.25
JALNA,Sunflower,2012-13,Kharif,200,100,0.5
NANDED,Sunflower,2012-13,Rabi,200,100,0.5
OSMANABAD,Sunflower,2012-13,Summer,300,100,0.33
SATARA,Sunflower,2012-13,Kharif,400,100,0.25
SATARA,Sunflower,2012-13,Rabi,200,100,0.5
BHANDARA,Urad,2012-13,Kharif,100,100,1
CHANDRAPUR,Urad,2012-13,Kharif,200,100,0.5
GONDIA,Urad,2012-13,Kharif,100,100,1
SANGLI,Sesamum,2013-14,Rabi,100,20,0.2
JALNA,Sunflower,2013-14,Rabi,100,40,0.4
BHANDARA,Urad,2013-14,Kharif,100,40,0.4
WARDHA,Groundnut,2013-14,Kharif,200,70,0.35
RATNAGIRI,Arhar/Tur,2013-14,Kharif,100,100,1
AKOLA,Bajra,2013-14,Kharif,200,100,0.5
YAVATMAL,Bajra,2013-14,Kharif,100,100,1
AHMEDNAGAR,Castor seed,2013-14,Kharif,400,100,0.25
AKOLA,Castor seed,2013-14,Kharif,200,100,0.5
AURANGABAD,Castor seed,2013-14,Kharif,200,100,0.5
HINGOLI,Castor seed,2013-14,Kharif,600,100,0.17
JALNA,Castor seed,2013-14,Kharif,300,100,0.33
KOLHAPUR,Castor seed,2013-14,Kharif,300,100,0.33
LATUR,Castor seed,2013-14,Kharif,600,100,0.17
PARBHANI,Castor seed,2013-14,Kharif,600,100,0.17
SATARA,Castor seed,2013-14,Kharif,300,100,0.33
YAVATMAL,Castor seed,2013-14,Kharif,100,100,1
BHANDARA,Groundnut,2013-14,Summer,100,100,1
PARBHANI,Groundnut,2013-14,Kharif,100,100,1
AHMEDNAGAR,Linseed,2013-14,Rabi,200,100,0.5
PARBHANI,Linseed,2013-14,Rabi,400,100,0.25
SOLAPUR,Linseed,2013-14,Rabi,200,100,0.5
NANDED,Maize,2013-14,Rabi,100,100,1
WASHIM,Maize,2013-14,Summer,100,100,1
BHANDARA,Moong(Green Gram),2013-14,Kharif,100,100,1
GONDIA,Moong(Green Gram),2013-14,Kharif,100,100,1
WARDHA,Moong(Green Gram),2013-14,Kharif,200,100,0.5
HINGOLI,Niger seed,2013-14,Kharif,300,100,0.33
NANDED,Niger seed,2013-14,Kharif,500,100,0.2
SOLAPUR,Rice,2013-14,Kharif,400,100,0.25
AMRAVATI,Safflower,2013-14,Rabi,100,100,1
JALGAON,Safflower,2013-14,Rabi,300,100,0.33
SATARA,Safflower,2013-14,Rabi,100,100,1
AHMEDNAGAR,Sesamum,2013-14,Kharif,200,100,0.5
AHMEDNAGAR,Sesamum,2013-14,Rabi,600,100,0.17
AKOLA,Sesamum,2013-14,Kharif,900,100,0.11
BHANDARA,Sesamum,2013-14,Kharif,500,100,0.2
CHANDRAPUR,Sesamum,2013-14,Kharif,500,100,0.2
JALNA,Sesamum,2013-14,Kharif,300,100,0.33
NANDED,Sesamum,2013-14,Rabi,500,100,0.2
SOLAPUR,Sesamum,2013-14,Kharif,300,100,0.33
WASHIM,Sesamum,2013-14,Kharif,500,100,0.2
YAVATMAL,Sesamum,2013-14,Kharif,500,100,0.2
AHMEDNAGAR,Small millets,2013-14,Rabi,200,100,0.5
BULDHANA,Small millets,2013-14,Rabi,100,100,1
CHANDRAPUR,Small millets,2013-14,Kharif,200,100,0.5
KOLHAPUR,Small millets,2013-14,Rabi,500,100,0.2
LATUR,Small millets,2013-14,Rabi,400,100,0.25
NANDED,Small millets,2013-14,Kharif,400,100,0.25
PUNE,Small millets,2013-14,Rabi,200,100,0.5
RATNAGIRI,Small millets,2013-14,Rabi,100,100,1
SANGLI,Small millets,2013-14,Rabi,400,100,0.25
SATARA,Small millets,2013-14,Rabi,100,100,1
WASHIM,Small millets,2013-14,Rabi,400,100,0.25
AMRAVATI,Sunflower,2013-14,Kharif,100,100,1
DHULE,Sunflower,2013-14,Kharif,100,100,1
JALNA,Sunflower,2013-14,Kharif,100,100,1
NANDED,Sunflower,2013-14,Rabi,200,100,0.5
NANDURBAR,Sunflower,2013-14,Summer,100,100,1
NASHIK,Sunflower,2013-14,Kharif,100,100,1
SATARA,Sunflower,2013-14,Rabi,200,100,0.5
CHANDRAPUR,Urad,2013-14,Kharif,200,100,0.5
RAIGAD,Urad,2013-14,Kharif,200,100,0.5
WARDHA,Urad,2013-14,Kharif,300,100,0.33
BULDHANA,Arhar/Tur,2013-14,Kharif,21100,14800,0.7
CHANDRAPUR,Arhar/Tur,2013-14,Kharif,32600,28500,0.87
NAGPUR,Arhar/Tur,2013-14,Kharif,58600,26600,0.45
NANDED,Arhar/Tur,2013-14,Kharif,71600,46100,0.64
OSMANABAD,Arhar/Tur,2013-14,Kharif,101000,115700,1.15
DHULE,Bajra,2013-14,Kharif,99900,132900,1.33
LATUR,Cotton(lint),2013-14,Kharif,4400,14200,3.23
HINGOLI,Gram,2013-14,Rabi,99300,105400,1.06
JALGAON,Gram,2013-14,Rabi,34400,39800,1.16
JALNA,Gram,2013-14,Rabi,26900,23600,0.88
NASHIK,Groundnut,2013-14,Kharif,33400,34600,1.04
YAVATMAL,Groundnut,2013-14,Summer,10000,12500,1.25
AURANGABAD,Jowar,2013-14,Rabi,86200,65400,0.76
BULDHANA,Jowar,2013-14,Kharif,44600,38200,0.86
DHULE,Jowar,2013-14,Kharif,19700,35100,1.78
JALGAON,Jowar,2013-14,Rabi,25700,40300,1.57
NANDURBAR,Jowar,2013-14,Kharif,28600,38200,1.34
OSMANABAD,Jowar,2013-14,Rabi,199100,167400,0.84
SATARA,Jowar,2013-14,Kharif,29700,52800,1.78
BEED,Maize,2013-14,Kharif,5200,6900,1.33
BULDHANA,Maize,2013-14,Rabi,16600,41900,2.52
JALNA,Maize,2013-14,Rabi,7500,16400,2.19
KOLHAPUR,Maize,2013-14,Rabi,4300,11600,2.7
SANGLI,Maize,2013-14,Rabi,18500,52300,2.83
SOLAPUR,Maize,2013-14,Kharif,11100,19300,1.74
JALGAON,Moong(Green Gram),2013-14,Kharif,35900,21700,0.6
NASHIK,Moong(Green Gram),2013-14,Kharif,11500,11600,1.01
PARBHANI,Moong(Green Gram),2013-14,Kharif,35100,19500,0.56
CHANDRAPUR,Rice,2013-14,Summer,3200,6900,2.16
NAGPUR,Rice,2013-14,Kharif,77700,105000,1.35
RAIGAD,Rice,2013-14,Kharif,124100,355100,2.86
THANE,Rice,2013-14,Kharif,137500,328000,2.39
BEED,Safflower,2013-14,Rabi,3500,5140,1.47
JALNA,Safflower,2013-14,Rabi,1100,2370,2.15
SANGLI,Safflower,2013-14,Rabi,4100,2190,0.53
AURANGABAD,Soyabean,2013-14,Kharif,11500,12500,1.09
CHANDRAPUR,Soyabean,2013-14,Kharif,142100,88400,0.62
JALGAON,Soyabean,2013-14,Kharif,15000,26500,1.77
NAGPUR,Soyabean,2013-14,Kharif,232800,99900,0.43
NASHIK,Soyabean,2013-14,Kharif,52400,82700,1.58
AMRAVATI,Sugarcane,2013-14,Whole Year,300,21700,72.33
BHANDARA,Sugarcane,2013-14,Whole Year,600,36100,60.17
OSMANABAD,Sugarcane,2013-14,Whole Year,68900,3175200,46.08
JALGAON,Urad,2013-14,Kharif,45100,34400,0.76
HINGOLI,Wheat,2013-14,Rabi,77200,74200,0.96
JALGAON,Wheat,2013-14,Rabi,25300,64800,2.56
PARBHANI,Wheat,2013-14,Rabi,20900,23300,1.11
AKOLA,Bajra,2014-15,Kharif,300,100,0.33
DHULE,Castor seed,2014-15,Kharif,400,100,0.25
KOLHAPUR,Castor seed,2014-15,Kharif,300,100,0.33
LATUR,Castor seed,2014-15,Kharif,700,100,0.14
NANDED,Castor seed,2014-15,Kharif,300,100,0.33
NANDURBAR,Castor seed,2014-15,Kharif,600,100,0.17
PARBHANI,Castor seed,2014-15,Kharif,600,100,0.17
SANGLI,Castor seed,2014-15,Kharif,200,100,0.5
SATARA,Cotton(lint),2014-15,Kharif,100,100,1
WARDHA,Groundnut,2014-15,Kharif,200,100,0.5
SOLAPUR,Jowar,2014-15,Kharif,300,100,0.33
BEED,Linseed,2014-15,Rabi,700,100,0.14
NAGPUR,Linseed,2014-15,Rabi,100,100,1
CHANDRAPUR,Maize,2014-15,Summer,100,100,1
GONDIA,Maize,2014-15,Rabi,400,100,0.25
HINGOLI,Maize,2014-15,Rabi,500,100,0.2
JALNA,Maize,2014-15,Summer,200,100,0.5
NANDED,Maize,2014-15,Rabi,200,100,0.5
BEED,Niger seed,2014-15,Kharif,800,100,0.13
HINGOLI,Niger seed,2014-15,Kharif,500,100,0.2
KOLHAPUR,Niger seed,2014-15,Kharif,300,100,0.33
PALGHAR,Niger seed,2014-15,Kharif,900,100,0.11
PARBHANI,Niger seed,2014-15,Kharif,1000,100,0.1
BEED,Rice,2014-15,Kharif,400,100,0.25
NANDED,Rice,2014-15,Kharif,800,100,0.13
SOLAPUR,Rice,2014-15,Kharif,400,100,0.25
AMRAVATI,Safflower,2014-15,Rabi,100,100,1
NANDURBAR,Safflower,2014-15,Rabi,200,100,0.5
NASHIK,Safflower,2014-15,Rabi,100,100,1
WASHIM,Safflower,2014-15,Rabi,500,100,0.2
AKOLA,Sesamum,2014-15,Kharif,1000,100,0.1
NANDED,Sesamum,2014-15,Kharif,1300,100,0.08
SOLAPUR,Sesamum,2014-15,Kharif,200,100,0.5
THANE,Sesamum,2014-15,Rabi,400,100,0.25
AMRAVATI,Small millets,2014-15,Kharif,200,100,0.5
BEED,Small millets,2014-15,Rabi,100,100,1
BULDHANA,Small millets,2014-15,Kharif,400,100,0.25
BULDHANA,Small millets,2014-15,Rabi,300,100,0.33
DHULE,Small millets,2014-15,Rabi,500,100,0.2
KOLHAPUR,Small millets,2014-15,Rabi,300,100,0.33
NANDED,Small millets,2014-15,Rabi,300,100,0.33
NASHIK,Small millets,2014-15,Rabi,500,100,0.2
PALGHAR,Small millets,2014-15,Rabi,100,100,1
RATNAGIRI,Small millets,2014-15,Rabi,100,100,1
SATARA,Small millets,2014-15,Kharif,200,100,0.5
SINDHUDURG,Small millets,2014-15,Rabi,100,100,1
SOLAPUR,Small millets,2014-15,Rabi,500,100,0.2
THANE,Small millets,2014-15,Rabi,100,100,1
WASHIM,Small millets,2014-15,Rabi,200,100,0.5
BEED,Sunflower,2014-15,Rabi,500,100,0.2
NANDURBAR,Sunflower,2014-15,Summer,100,100,1
PARBHANI,Sunflower,2014-15,Summer,200,100,0.5
SATARA,Sunflower,2014-15,Rabi,200,100,0.5
CHANDRAPUR,Urad,2014-15,Kharif,200,100,0.5
RAIGAD,Urad,2014-15,Kharif,200,100,0.5
RATNAGIRI,Urad,2014-15,Kharif,100,100,1
SINDHUDURG,Urad,2014-15,Kharif,100,100,1
JALNA,Arhar/Tur,2014-15,Kharif,47200,11900,0.25
JALGAON,Bajra,2014-15,Kharif,19000,23200,1.22
AURANGABAD,Cotton(lint),2014-15,Kharif,422600,244300,0.58
NAGPUR,Cotton(lint),2014-15,Kharif,111300,150200,1.35
AURANGABAD,Gram,2014-15,Rabi,41800,16300,0.39
BULDHANA,Gram,2014-15,Rabi,57200,36600,0.64
NANDURBAR,Gram,2014-15,Rabi,18900,13400,0.71
NASHIK,Gram,2014-15,Rabi,40900,28500,0.7
PARBHANI,Gram,2014-15,Rabi,45600,28400,0.62
SANGLI,Gram,2014-15,Rabi,27100,26500,0.98
SATARA,Gram,2014-15,Rabi,34100,25900,0.76
PUNE,Groundnut,2014-15,Summer,8400,19100,2.27
DHULE,Jowar,2014-15,Rabi,11000,14800,1.35
JALGAON,Jowar,2014-15,Kharif,53500,119600,2.24
JALGAON,Jowar,2014-15,Rabi,32500,45300,1.39
NANDURBAR,Jowar,2014-15,Kharif,31400,33500,1.07
JALGAON,Maize,2014-15,Kharif,94600,235100,2.49
NANDURBAR,Maize,2014-15,Kharif,28900,45300,1.57
SATARA,Maize,2014-15,Rabi,11700,24800,2.12
KOLHAPUR,Ragi,2014-15,Kharif,21200,33900,1.6
GONDIA,Rice,2014-15,Summer,12900,36100,2.8
NAGPUR,Rice,2014-15,Kharif,78800,95500,1.21
THANE,Rice,2014-15,Kharif,55200,132900,2.41
BEED,Soyabean,2014-15,Kharif,113400,39900,0.35
JALGAON,Soyabean,2014-15,Kharif,25000,35400,1.42
JALNA,Soyabean,2014-15,Kharif,109300,40300,0.37
NAGPUR,Soyabean,2014-15,Kharif,220400,79500,0.36
OSMANABAD,Soyabean,2014-15,Kharif,133500,65600,0.49
SANGLI,Soyabean,2014-15,Kharif,36600,47700,1.3
SATARA,Soyabean,2014-15,Kharif,53300,90800,1.7
AMRAVATI,Sugarcane,2014-15,Whole Year,400,16100,40.25
BULDHANA,Sugarcane,2014-15,Whole Year,300,18700,62.33
AURANGABAD,Wheat,2014-15,Rabi,35400,33900,0.96
BULDHANA,Wheat,2014-15,Rabi,73500,95500,1.3
SATARA,Wheat,2014-15,Rabi,38300,61400,1.6
WARDHA,Wheat,2014-15,Rabi,13700,19900,1.45
NANDED,Castor seed,2015-16,Kharif,10,1,0.1
SINDHUDURG,Castor seed,2015-16,Kharif,5,1,0.2
LATUR,Groundnut,2015-16,Summer,8,1,0.13
NANDED,Linseed,2015-16,Rabi,10,1,0.1
GADCHIROLI,Moong(Green Gram),2015-16,Summer,3,1,0.33
JALNA,Niger seed,2015-16,Kharif,20,1,0.05
RATNAGIRI,Sesamum,2015-16,Rabi,2,1,0.5
SINDHUDURG,Sesamum,2015-16,Rabi,2,1,0.5
DHULE,Sunflower,2015-16,Rabi,5,1,0.2
SINDHUDURG,Sunflower,2015-16,Rabi,5,1,0.2
AURANGABAD,Groundnut,2015-16,Summer,10,2,0.2
DHULE,Niger seed,2015-16,Kharif,10,2,0.2
NANDURBAR,Niger seed,2015-16,Kharif,10,2,0.2
RAIGAD,Sesamum,2015-16,Rabi,3,2,0.67
SOLAPUR,Sesamum,2015-16,Kharif,30,2,0.07
GONDIA,Small millets,2015-16,Rabi,10,2,0.2
KOLHAPUR,Sunflower,2015-16,Kharif,20,2,0.1
THANE,Wheat,2015-16,Rabi,2,2,1
PARBHANI,Linseed,2015-16,Rabi,20,3,0.15
NASHIK,Safflower,2015-16,Rabi,12,3,0.25
HINGOLI,Sesamum,2015-16,Rabi,10,3,0.3
AURANGABAD,Sunflower,2015-16,Kharif,100,3,0.03
JALNA,Sunflower,2015-16,Kharif,100,3,0.03
NASHIK,Sunflower,2015-16,Rabi,11,3,0.27
SANGLI,Tobacco,2015-16,Whole Year,6,3,0.5
CHANDRAPUR,Castor seed,2015-16,Kharif,30,4,0.13
BULDHANA,Linseed,2015-16,Rabi,15,4,0.27
HINGOLI,Small millets,2015-16,Rabi,20,4,0.2
AMRAVATI,Sunflower,2015-16,Kharif,33,4,0.12
BEED,Sunflower,2015-16,Summer,10,4,0.4
PUNE,Sunflower,2015-16,Kharif,30,4,0.13
BULDHANA,Moong(Green Gram),2015-16,Summer,29,5,0.17
KOLHAPUR,Moong(Green Gram),2015-16,Summer,20,5,0.25
AURANGABAD,Niger seed,2015-16,Kharif,100,5,0.05
SATARA,Sesamum,2015-16,Kharif,100,5,0.05
THANE,Sesamum,2015-16,Kharif,20,5,0.25
AURANGABAD,Sunflower,2015-16,Rabi,29,5,0.17
BULDHANA,Sunflower,2015-16,Kharif,49,7,0.14
NANDURBAR,Sunflower,2015-16,Kharif,100,8,0.08
NASHIK,Sunflower,2015-16,Kharif,100,9,0.09
RAIGAD,Wheat,2015-16,Rabi,10,9,0.9
AURANGABAD,Castor seed,2015-16,Kharif,50,10,0.2
SOLAPUR,Castor seed,2015-16,Kharif,30,10,0.33
RATNAGIRI,Gram,2015-16,Rabi,20,10,0.5
RATNAGIRI,Groundnut,2015-16,Summer,10,10,1
SOLAPUR,Linseed,2015-16,Rabi,100,10,0.1
NAGPUR,Moong(Green Gram),2015-16,Summer,50,10,0.2
NANDED,Niger seed,2015-16,Kharif,400,10,0.03
PARBHANI,Niger seed,2015-16,Kharif,200,10,0.05
RAIGAD,Niger seed,2015-16,Kharif,100,10,0.1
SINDHUDURG,Niger seed,2015-16,Kharif,30,10,0.33
THANE,Niger seed,2015-16,Kharif,100,10,0.1
AKOLA,Sesamum,2015-16,Rabi,20,10,0.5
AMRAVATI,Sesamum,2015-16,Kharif,40,10,0.25
JALNA,Sesamum,2015-16,Kharif,100,10,0.1
NANDURBAR,Sesamum,2015-16,Kharif,100,10,0.1
RATNAGIRI,Sesamum,2015-16,Kharif,100,10,0.1
AHMEDNAGAR,Small millets,2015-16,Summer,10,10,1
RATNAGIRI,Small millets,2015-16,Rabi,10,10,1
AHMEDNAGAR,Sunflower,2015-16,Rabi,40,10,0.25
JALGAON,Sunflower,2015-16,Rabi,50,10,0.2
KOLHAPUR,Sunflower,2015-16,Rabi,50,10,0.2
CHANDRAPUR,Groundnut,2015-16,Summer,10,16,1.6
PUNE,Castor seed,2015-16,Kharif,100,20,0.2
NAGPUR,Linseed,2015-16,Rabi,100,20,0.2
THANE,Maize,2015-16,Rabi,10,20,2
BHANDARA,Moong(Green Gram),2015-16,Summer,120,20,0.17
CHANDRAPUR,Moong(Green Gram),2015-16,Summer,110,20,0.18
SOLAPUR,Niger seed,2015-16,Kharif,100,20,0.2
AURANGABAD,Sesamum,2015-16,Rabi,30,20,0.67
NAGPUR,Sesamum,2015-16,Kharif,100,20,0.2
PALGHAR,Sesamum,2015-16,Kharif,100,20,0.2
PARBHANI,Sesamum,2015-16,Rabi,50,20,0.4
PUNE,Sesamum,2015-16,Rabi,30,20,0.67
AURANGABAD,Small millets,2015-16,Summer,100,20,0.2
AKOLA,Sunflower,2015-16,Rabi,70,20,0.29
BULDHANA,Sunflower,2015-16,Rabi,100,20,0.2
NANDED,Sunflower,2015-16,Rabi,60,20,0.33
SATARA,Sunflower,2015-16,Kharif,200,20,0.1
BHANDARA,Urad,2015-16,Kharif,100,20,0.2
BEED,Niger seed,2015-16,Kharif,700,27,0.04
AHMEDNAGAR,Castor seed,2015-16,Kharif,100,30,0.3
JALNA,Castor seed,2015-16,Kharif,100,30,0.3
SATARA,Cotton(lint),2015-16,Kharif,100,30,0.3
AHMEDNAGAR,Moong(Green Gram),2015-16,Summer,100,30,0.3
HINGOLI,Niger seed,2015-16,Kharif,400,30,0.08
KOLHAPUR,Niger seed,2015-16,Kharif,100,30,0.3
AURANGABAD,Sesamum,2015-16,Kharif,500,30,0.06
DHULE,Sesamum,2015-16,Rabi,100,30,0.3
NANDURBAR,Sesamum,2015-16,Rabi,100,30,0.3
RAIGAD,Sesamum,2015-16,Kharif,100,30,0.3
WASHIM,Sesamum,2015-16,Kharif,200,30,0.15
SOLAPUR,Small millets,2015-16,Rabi,200,30,0.15
WASHIM,Small millets,2015-16,Rabi,100,30,0.3
SANGLI,Sunflower,2015-16,Rabi,100,30,0.3
OSMANABAD,Sunflower,2015-16,Summer,100,31,0.31
NAGPUR,Castor seed,2015-16,Kharif,200,40,0.2
PARBHANI,Castor seed,2015-16,Kharif,400,40,0.1
SATARA,Safflower,2015-16,Rabi,100,40,0.4
SOLAPUR,Sesamum,2015-16,Rabi,80,40,0.5
NANDURBAR,Small millets,2015-16,Rabi,100,40,0.4
SANGLI,Small millets,2015-16,Summer,40,40,1
THANE,Small millets,2015-16,Rabi,100,40,0.4
PARBHANI,Sunflower,2015-16,Kharif,500,40,0.08
PUNE,Sunflower,2015-16,Rabi,200,40,0.2
SANGLI,Sunflower,2015-16,Kharif,400,40,0.1
PALGHAR,Wheat,2015-16,Rabi,42,40,0.95
DHULE,Castor seed,2015-16,Kharif,100,50,0.5
BEED,Linseed,2015-16,Rabi,700,50,0.07
LATUR,Maize,2015-16,Summer,100,50,0.5
WASHIM,Safflower,2015-16,Rabi,200,50,0.25
BEED,Sesamum,2015-16,Rabi,100,50,0.5
GADCHIROLI,Sesamum,2015-16,Kharif,300,50,0.17
GADCHIROLI,Sesamum,2015-16,Rabi,100,50,0.5
PUNE,Sesamum,2015-16,Kharif,700,50,0.07
DHULE,Small millets,2015-16,Summer,100,50,0.5
NASHIK,Small millets,2015-16,Summer,100,50,0.5
BULDHANA,Safflower,2015-16,Rabi,200,80,0.4
BEED,Sunflower,2015-16,Rabi,500,80,0.16
LATUR,Castor seed,2015-16,Kharif,600,100,0.17
OSMANABAD,Castor seed,2015-16,Kharif,700,100,0.14
SANGLI,Castor seed,2015-16,Kharif,300,100,0.33
SATARA,Castor seed,2015-16,Kharif,300,100,0.33
NASHIK,Groundnut,2015-16,Summer,100,100,1
PALGHAR,Groundnut,2015-16,Kharif,100,100,1
PALGHAR,Groundnut,2015-16,Summer,30,100,3.33
THANE,Groundnut,2015-16,Summer,40,100,2.5
WARDHA,Groundnut,2015-16,Kharif,200,100,0.5
AKOLA,Jowar,2015-16,Rabi,100,100,1
GADCHIROLI,Jowar,2015-16,Rabi,200,100,0.5
LATUR,Linseed,2015-16,Rabi,500,100,0.2
AKOLA,Maize,2015-16,Rabi,100,100,1
CHANDRAPUR,Maize,2015-16,Kharif,100,100,1
GADCHIROLI,Maize,2015-16,Rabi,100,100,1
NASHIK,Maize,2015-16,Summer,100,100,1
PALGHAR,Maize,2015-16,Rabi,30,100,3.33
PARBHANI,Maize,2015-16,Summer,200,100,0.5
RATNAGIRI,Maize,2015-16,Rabi,50,100,2
SINDHUDURG,Maize,2015-16,Rabi,100,100,1
JALGAON,Moong(Green Gram),2015-16,Summer,300,100,0.33
NANDURBAR,Moong(Green Gram),2015-16,Summer,400,100,0.25
PALGHAR,Moong(Green Gram),2015-16,Kharif,200,100,0.5
WASHIM,Moong(Green Gram),2015-16,Summer,400,100,0.25
AHMEDNAGAR,Niger seed,2015-16,Kharif,400,100,0.25
LATUR,Niger seed,2015-16,Kharif,1200,100,0.08
RATNAGIRI,Niger seed,2015-16,Kharif,600,100,0.17
SANGLI,Niger seed,2015-16,Kharif,200,100,0.5
AHMEDNAGAR,Ragi,2015-16,Kharif,100,100,1
NANDED,Rice,2015-16,Kharif,400,100,0.25
AHMEDNAGAR,Safflower,2015-16,Rabi,600,100,0.17
AURANGABAD,Safflower,2015-16,Rabi,500,100,0.2
NANDURBAR,Safflower,2015-16,Rabi,500,100,0.2
AKOLA,Sesamum,2015-16,Kharif,1000,100,0.1
BHANDARA,Sesamum,2015-16,Kharif,600,100,0.17
CHANDRAPUR,Sesamum,2015-16,Kharif,500,100,0.2
LATUR,Sesamum,2015-16,Rabi,100,100,1
NANDED,Sesamum,2015-16,Kharif,1400,100,0.07
NANDED,Sesamum,2015-16,Rabi,100,100,1
PARBHANI,Sesamum,2015-16,Kharif,900,100,0.11
THANE,Sesamum,2015-16,Rabi,100,100,1
AHMEDNAGAR,Small millets,2015-16,Rabi,700,100,0.14
DHULE,Small millets,2015-16,Rabi,100,100,1
LATUR,Small millets,2015-16,Kharif,1600,100,0.06
NANDED,Small millets,2015-16,Rabi,400,100,0.25
NANDURBAR,Small millets,2015-16,Summer,100,100,1
OSMANABAD,Small millets,2015-16,Kharif,900,100,0.11
OSMANABAD,Small millets,2015-16,Rabi,1200,100,0.08
PALGHAR,Small millets,2015-16,Rabi,100,100,1
PARBHANI,Small millets,2015-16,Kharif,700,100,0.14
PUNE,Small millets,2015-16,Rabi,300,100,0.33
RAIGAD,Small millets,2015-16,Rabi,300,100,0.33
SANGLI,Small millets,2015-16,Rabi,300,100,0.33
SATARA,Small millets,2015-16,Rabi,300,100,0.33
SOLAPUR,Small millets,2015-16,Summer,100,100,1
WASHIM,Small millets,2015-16,Kharif,200,100,0.5
AHMEDNAGAR,Sunflower,2015-16,Kharif,500,100,0.2
BEED,Sunflower,2015-16,Kharif,1600,100,0.06
NAGPUR,Sunflower,2015-16,Rabi,400,100,0.25
NANDURBAR,Sunflower,2015-16,Rabi,300,100,0.33
NANDURBAR,Sunflower,2015-16,Summer,100,100,1
PALGHAR,Sunflower,2015-16,Rabi,300,100,0.33
SATARA,Sunflower,2015-16,Rabi,200,100,0.5
THANE,Sunflower,2015-16,Rabi,400,100,0.25
RAIGAD,Urad,2015-16,Kharif,200,100,0.5
RATNAGIRI,Urad,2015-16,Kharif,100,100,1
SINDHUDURG,Urad,2015-16,Kharif,100,100,1
BULDHANA,Sesamum,2015-16,Rabi,300,130,0.43
CHANDRAPUR,Arhar/Tur,2015-16,Kharif,38700,26200,0.68
YAVATMAL,Arhar/Tur,2015-16,Kharif,119700,62600,0.52
AHMEDNAGAR,Bajra,2015-16,Kharif,122000,30400,0.25
DHULE,Bajra,2015-16,Kharif,117700,68400,0.58
AMRAVATI,Cotton(lint),2015-16,Kharif,200000,417000,2.09
BEED,Cotton(lint),2015-16,Kharif,334100,101000,0.3
GADCHIROLI,Cotton(lint),2015-16,Kharif,4100,6900,1.68
AHMEDNAGAR,Gram,2015-16,Rabi,135100,54300,0.4
HINGOLI,Gram,2015-16,Rabi,68800,26500,0.39
NAGPUR,Gram,2015-16,Rabi,67400,50900,0.76
SATARA,Gram,2015-16,Rabi,27900,21700,0.78
YAVATMAL,Gram,2015-16,Rabi,80900,59700,0.74
NAGPUR,Groundnut,2015-16,Kharif,2500,2340,0.94
PUNE,Groundnut,2015-16,Summer,8500,19500,2.29
HINGOLI,Jowar,2015-16,Kharif,47800,18700,0.39
JALGAON,Jowar,2015-16,Rabi,30800,34700,1.13
SOLAPUR,Jowar,2015-16,Rabi,615700,108000,0.18
YAVATMAL,Jowar,2015-16,Kharif,42100,17100,0.41
AHMEDNAGAR,Maize,2015-16,Rabi,26700,45900,1.72
DHULE,Maize,2015-16,Rabi,11600,32400,2.79
JALNA,Maize,2015-16,Kharif,54400,44500,0.82
KOLHAPUR,Ragi,2015-16,Kharif,20800,27300,1.31
RATNAGIRI,Ragi,2015-16,Kharif,13500,16100,1.19
GADCHIROLI,Rice,2015-16,Kharif,150500,126300,0.84
NASHIK,Rice,2015-16,Kharif,69600,101100,1.45
SANGLI,Rice,2015-16,Kharif,22600,43400,1.92
SINDHUDURG,Sesamum,2015-16,Kharif,39,9.3,0.24
DHULE,Soyabean,2015-16,Kharif,20800,13400,0.64
NANDURBAR,Soyabean,2015-16,Kharif,27600,26200,0.95
AKOLA,Sugarcane,2015-16,Whole Year,100,6900,69
CHANDRAPUR,Sugarcane,2015-16,Whole Year,100,6900,69
JALGAON,Sugarcane,2015-16,Whole Year,10000,776600,77.66
AMRAVATI,Wheat,2015-16,Rabi,68000,69300,1.02
BULDHANA,Wheat,2015-16,Rabi,60100,48800,0.81
HINGOLI,Wheat,2015-16,Rabi,26200,16100,0.61
SANGLI,Wheat,2015-16,Rabi,19200,32400,1.69
YAVATMAL,Wheat,2015-16,Rabi,35600,37600,1.06
GONDIA,Sesamum,2016-17,Summer,6,1,0.17
NASHIK,Linseed,2016-17,Rabi,3,1.5,0.5
GONDIA,Moong(Green Gram),2016-17,Kharif,6,2,0.33
RATNAGIRI,Moong(Green Gram),2016-17,Kharif,4,2,0.5
AHMEDNAGAR,Rapeseed &Mustard,2016-17,Rabi,13,2,0.15
AURANGABAD,Sesamum,2016-17,Rabi,10,2,0.2
HINGOLI,Sesamum,2016-17,Rabi,10,2,0.2
SATARA,Sesamum,2016-17,Kharif,8,2,0.25
THANE,Wheat,2016-17,Rabi,1,2,2
DHULE,Castor seed,2016-17,Kharif,9,3,0.33
JALNA,Linseed,2016-17,Rabi,10,3,0.3
NANDED,Linseed,2016-17,Rabi,8,3,0.38
RAIGAD,Moong(Green Gram),2016-17,Kharif,5,3,0.6
BULDHANA,Ragi,2016-17,Kharif,5,3,0.6
WARDHA,Sesamum,2016-17,Summer,15,3,0.2
JALGAON,Sunflower,2016-17,Kharif,9,3,0.33
JALNA,Sunflower,2016-17,Kharif,52,3,0.06
SINDHUDURG,Sunflower,2016-17,Rabi,5,3,0.6
SINDHUDURG,Niger seed,2016-17,Kharif,16,4,0.25
BULDHANA,Rice,2016-17,Kharif,10,4,0.4
PARBHANI,Rice,2016-17,Kharif,20,4,0.2
BULDHANA,Sunflower,2016-17,Summer,10,4,0.4
RATNAGIRI,Castor seed,2016-17,Kharif,10,5,0.5
BHANDARA,Groundnut,2016-17,Summer,10,5,0.5
PARBHANI,Rapeseed &Mustard,2016-17,Rabi,20,5,0.25
BHANDARA,Sesamum,2016-17,Summer,30,5,0.17
AURANGABAD,Sunflower,2016-17,Kharif,85,5,0.06
HINGOLI,Sunflower,2016-17,Summer,10,5,0.5
PARBHANI,Sunflower,2016-17,Kharif,19,5,0.26
GADCHIROLI,Bajra,2016-17,Kharif,18,6,0.33
SANGLI,Linseed,2016-17,Rabi,10,6,0.6
JALNA,Niger seed,2016-17,Kharif,36,6,0.17
SANGLI,Niger seed,2016-17,Kharif,36,6,0.17
NASHIK,Sesamum,2016-17,Kharif,16,6,0.38
SANGLI,Sesamum,2016-17,Kharif,24,6,0.25
KOLHAPUR,Sesamum,2016-17,Kharif,26,7,0.27
SINDHUDURG,Sesamum,2016-17,Kharif,20,7,0.35
SOLAPUR,Sesamum,2016-17,Kharif,27,7,0.26
BULDHANA,Sunflower,2016-17,Kharif,30,7,0.23
NASHIK,Sunflower,2016-17,Rabi,10,7,0.7
WARDHA,Sunflower,2016-17,Rabi,10,7,0.7
GADCHIROLI,Moong(Green Gram),2016-17,Kharif,76,9,0.12
THANE,Niger seed,2016-17,Kharif,39,9,0.23
PARBHANI,Sunflower,2016-17,Summer,10,9,0.9
PUNE,Sunflower,2016-17,Kharif,25,9,0.36
AHMEDNAGAR,Castor seed,2016-17,Kharif,30,10,0.33
SINDHUDURG,Castor seed,2016-17,Kharif,30,10,0.33
PARBHANI,Linseed,2016-17,Rabi,40,10,0.25
SOLAPUR,Niger seed,2016-17,Kharif,57,10,0.18
JALGAON,Rapeseed &Mustard,2016-17,Rabi,20,10,0.5
PALGHAR,Rapeseed &Mustard,2016-17,Rabi,20,10,0.5
AMRAVATI,Sesamum,2016-17,Kharif,36,10,0.28
AMRAVATI,Sesamum,2016-17,Summer,40,10,0.25
BHANDARA,Sesamum,2016-17,Rabi,30,10,0.33
PUNE,Sesamum,2016-17,Rabi,40,10,0.25
BULDHANA,Sunflower,2016-17,Rabi,10,10,1
SOLAPUR,Sunflower,2016-17,Summer,20,10,0.5
CHANDRAPUR,Bajra,2016-17,Kharif,33,11,0.33
GONDIA,Maize,2016-17,Rabi,6,11,1.83
AURANGABAD,Niger seed,2016-17,Kharif,74,12,0.16
AMRAVATI,Sunflower,2016-17,Kharif,55,13,0.24
RAIGAD,Niger seed,2016-17,Kharif,59,14,0.24
NAGPUR,Sesamum,2016-17,Kharif,54,15,0.28
RATNAGIRI,Sesamum,2016-17,Kharif,41,15,0.37
NASHIK,Sunflower,2016-17,Kharif,44,15,0.34
OSMANABAD,Sunflower,2016-17,Summer,30,15,0.5
GADCHIROLI,Urad,2016-17,Kharif,35,15,0.43
GADCHIROLI,Groundnut,2016-17,Kharif,10,17,1.7
BHANDARA,Maize,2016-17,Kharif,10,17,1.7
JALNA,Sesamum,2016-17,Kharif,103,19,0.18
JALNA,Castor seed,2016-17,Kharif,100,20,0.2
NANDED,Groundnut,2016-17,Kharif,100,20,0.2
SOLAPUR,Linseed,2016-17,Rabi,30,20,0.67
NANDURBAR,Ragi,2016-17,Kharif,20,20,1
GONDIA,Rapeseed &Mustard,2016-17,Rabi,100,20,0.2
KOLHAPUR,Rapeseed &Mustard,2016-17,Rabi,100,20,0.2
SATARA,Rapeseed &Mustard,2016-17,Rabi,100,20,0.2
AHMEDNAGAR,Sesamum,2016-17,Summer,121,20,0.17
BEED,Sesamum,2016-17,Rabi,90,20,0.22
YAVATMAL,Sesamum,2016-17,Rabi,80,20,0.25
AURANGABAD,Sunflower,2016-17,Rabi,21,20,0.95
JALGAON,Linseed,2016-17,Rabi,40,20.4,0.51
NANDURBAR,Sunflower,2016-17,Kharif,59,21,0.36
BHANDARA,Urad,2016-17,Kharif,49,21,0.43
DHULE,Sunflower,2016-17,Kharif,70,24,0.34
RATNAGIRI,Urad,2016-17,Kharif,31,25,0.81
AHMEDNAGAR,Sesamum,2016-17,Kharif,103,27,0.26
NAGPUR,Sunflower,2016-17,Kharif,120,29,0.24
SATARA,Castor seed,2016-17,Kharif,100,30,0.3
AHMEDNAGAR,Safflower,2016-17,Rabi,400,30,0.08
PARBHANI,Sesamum,2016-17,Rabi,120,30,0.25
THANE,Sesamum,2016-17,Rabi,100,30,0.3
WASHIM,Sesamum,2016-17,Summer,158,30,0.19
KOLHAPUR,Niger seed,2016-17,Kharif,185,31,0.17
BHANDARA,Moong(Green Gram),2016-17,Kharif,107,32,0.3
NANDED,Sunflower,2016-17,Summer,30,33,1.1
SINDHUDURG,Moong(Green Gram),2016-17,Kharif,65,34,0.52
AKOLA,Sunflower,2016-17,Rabi,40,34,0.85
AKOLA,Bajra,2016-17,Kharif,100,36,0.36
BEED,Castor seed,2016-17,Kharif,100,40,0.4
NANDED,Castor seed,2016-17,Kharif,100,40,0.4
GONDIA,Maize,2016-17,Kharif,10,40,4
NAGPUR,Maize,2016-17,Rabi,24,40,1.67
AKOLA,Rapeseed &Mustard,2016-17,Rabi,100,40,0.4
BEED,Rapeseed &Mustard,2016-17,Rabi,100,40,0.4
BULDHANA,Rapeseed &Mustard,2016-17,Rabi,100,40,0.4
HINGOLI,Rapeseed &Mustard,2016-17,Rabi,100,40,0.4
RATNAGIRI,Rapeseed &Mustard,2016-17,Rabi,60,40,0.67
SOLAPUR,Rapeseed &Mustard,2016-17,Rabi,300,40,0.13
WASHIM,Rapeseed &Mustard,2016-17,Rabi,100,40,0.4
PALGHAR,Sesamum,2016-17,Kharif,112,40,0.36
YAVATMAL,Sesamum,2016-17,Summer,212,40,0.19
AHMEDNAGAR,Sunflower,2016-17,Rabi,50,40,0.8
NANDURBAR,Sesamum,2016-17,Kharif,115,41,0.36
NANDED,Niger seed,2016-17,Kharif,499,43,0.09
PARBHANI,Niger seed,2016-17,Kharif,314,43,0.14
SOLAPUR,Rice,2016-17,Kharif,200,43,0.22
LATUR,Sunflower,2016-17,Summer,100,43,0.43
WASHIM,Sunflower,2016-17,Rabi,50,43,0.86
YAVATMAL,Bajra,2016-17,Kharif,100,44,0.44
SOLAPUR,Sesamum,2016-17,Rabi,160,44,0.28
BEED,Sunflower,2016-17,Kharif,782,48,0.06
SINDHUDURG,Urad,2016-17,Kharif,60,48,0.8
AMRAVATI,Castor seed,2016-17,Kharif,100,50,0.5
SOLAPUR,Ragi,2016-17,Kharif,100,50,0.5
JALNA,Rapeseed &Mustard,2016-17,Rabi,200,50,0.25
JALGAON,Safflower,2016-17,Rabi,110,50,0.45
NANDURBAR,Sunflower,2016-17,Summer,70,50,0.71
NANDED,Sesamum,2016-17,Kharif,900,52,0.06
CHANDRAPUR,Groundnut,2016-17,Summer,100,60,0.6
BULDHANA,Sesamum,2016-17,Rabi,230,60,0.26
THANE,Arhar/Tur,2016-17,Kharif,79,65,0.82
AHMEDNAGAR,Niger seed,2016-17,Kharif,386,65,0.17
WASHIM,Sesamum,2016-17,Kharif,239,65,0.27
RATNAGIRI,Groundnut,2016-17,Summer,100,70,0.7
BEED,Rice,2016-17,Kharif,100,70,0.7
NANDURBAR,Safflower,2016-17,Rabi,160,70,0.44
NANDED,Sesamum,2016-17,Rabi,240,70,0.29
GONDIA,Urad,2016-17,Kharif,163,70,0.43
CHANDRAPUR,Moong(Green Gram),2016-17,Kharif,602,73,0.12
SATARA,Sunflower,2016-17,Kharif,218,76,0.35
RAIGAD,Sesamum,2016-17,Kharif,220,79,0.36
SOLAPUR,Castor seed,2016-17,Kharif,300,80,0.27
SOLAPUR,Jowar,2016-17,Kharif,200,80,0.4
WARDHA,Urad,2016-17,Kharif,221,81,0.37
AURANGABAD,Sesamum,2016-17,Kharif,450,82,0.18
CHANDRAPUR,Maize,2016-17,Kharif,30,83,2.77
HINGOLI,Bajra,2016-17,Kharif,300,86,0.29
PARBHANI,Castor seed,2016-17,Kharif,370,86,0.23
HINGOLI,Sunflower,2016-17,Rabi,80,88,1.1
LATUR,Sesamum,2016-17,Rabi,320,90,0.28
PALGHAR,Sunflower,2016-17,Rabi,142,93,0.65
WASHIM,Bajra,2016-17,Kharif,300,100,0.33
AURANGABAD,Castor seed,2016-17,Kharif,700,100,0.14
BULDHANA,Castor seed,2016-17,Kharif,100,100,1
HINGOLI,Castor seed,2016-17,Kharif,600,100,0.17
LATUR,Castor seed,2016-17,Kharif,500,100,0.2
HINGOLI,Groundnut,2016-17,Kharif,200,100,0.5
AKOLA,Jowar,2016-17,Rabi,100,100,1
GADCHIROLI,Jowar,2016-17,Rabi,100,100,1
LATUR,Linseed,2016-17,Rabi,600,100,0.17
AKOLA,Maize,2016-17,Rabi,100,100,1
AKOLA,Maize,2016-17,Summer,100,100,1
MUMBAI SUBURBAN,Maize,2016-17,Summer,100,100,1
NAGPUR,Maize,2016-17,Kharif,40,100,2.5
PALGHAR,Maize,2016-17,Rabi,28,100,3.57
WARDHA,Maize,2016-17,Kharif,30,100,3.33
WARDHA,Maize,2016-17,Rabi,100,100,1
AHMEDNAGAR,Ragi,2016-17,Kharif,100,100,1
BHANDARA,Rapeseed &Mustard,2016-17,Rabi,200,100,0.5
WARDHA,Rapeseed &Mustard,2016-17,Rabi,100,100,1
NANDED,Rice,2016-17,Kharif,200,100,0.5
RATNAGIRI,Rice,2016-17,Summer,40,100,2.5
THANE,Rice,2016-17,Summer,100,100,1
BULDHANA,Safflower,2016-17,Rabi,200,100,0.5
JALNA,Safflower,2016-17,Rabi,100,100,1
SATARA,Safflower,2016-17,Rabi,100,100,1
WASHIM,Safflower,2016-17,Rabi,100,100,1
YAVATMAL,Safflower,2016-17,Rabi,100,100,1
GADCHIROLI,Sesamum,2016-17,Rabi,200,100,0.5
PALGHAR,Sesamum,2016-17,Rabi,500,100,0.2
BEED,Sunflower,2016-17,Rabi,100,100,1
BHANDARA,Sunflower,2016-17,Rabi,400,100,0.25
CHANDRAPUR,Sunflower,2016-17,Summer,100,100,1
NANDURBAR,Sunflower,2016-17,Rabi,200,100,0.5
PARBHANI,Sunflower,2016-17,Rabi,100,100,1
PUNE,Sunflower,2016-17,Rabi,100,100,1
PALGHAR,Wheat,2016-17,Rabi,35,100,2.86
BEED,Niger seed,2016-17,Kharif,658,108,0.16
GADCHIROLI,Sesamum,2016-17,Kharif,407,111,0.27
CHANDRAPUR,Urad,2016-17,Kharif,261,112,0.43
THANE,Sunflower,2016-17,Rabi,200,115,0.58
SOLAPUR,Sunflower,2016-17,Rabi,180,120,0.67
CHANDRAPUR,Sesamum,2016-17,Kharif,453,124,0.27
YAVATMAL,Sesamum,2016-17,Kharif,474,130,0.27
RAIGAD,Arhar/Tur,2016-17,Kharif,1758,1440,0.82
AURANGABAD,Bajra,2016-17,Kharif,52000,57900,1.11
PUNE,Bajra,2016-17,Kharif,30400,22200,0.73
SANGLI,Bajra,2016-17,Kharif,66100,47100,0.71
SATARA,Bajra,2016-17,Kharif,72100,52800,0.73
WASHIM,Cotton(lint),2016-17,Kharif,18400,37500,2.04
AURANGABAD,Gram,2016-17,Rabi,66400,73200,1.1
HINGOLI,Gram,2016-17,Rabi,69900,78700,1.13
NAGPUR,Gram,2016-17,Rabi,63400,49200,0.78
PUNE,Gram,2016-17,Rabi,80500,86500,1.07
SANGLI,Gram,2016-17,Rabi,28300,23600,0.83
WASHIM,Gram,2016-17,Rabi,55100,49700,0.9
AHMEDNAGAR,Groundnut,2016-17,Summer,9200,16300,1.77
DHULE,Groundnut,2016-17,Summer,2100,2730,1.3
NASHIK,Groundnut,2016-17,Kharif,21100,34600,1.64
YAVATMAL,Groundnut,2016-17,Summer,41100,27200,0.66
AKOLA,Jowar,2016-17,Kharif,11300,16700,1.48
LATUR,Jowar,2016-17,Kharif,87800,77600,0.88
LATUR,Jowar,2016-17,Rabi,40100,43600,1.09
NANDED,Jowar,2016-17,Rabi,33600,32400,0.96
NANDURBAR,Jowar,2016-17,Kharif,34500,52300,1.52
OSMANABAD,Jowar,2016-17,Rabi,146600,122000,0.83
SATARA,Jowar,2016-17,Kharif,24400,25300,1.04
AHMEDNAGAR,Maize,2016-17,Kharif,22000,68700,3.12
AURANGABAD,Maize,2016-17,Rabi,16000,52800,3.3
BEED,Maize,2016-17,Kharif,9600,7830,0.82
NANDURBAR,Maize,2016-17,Kharif,39300,99900,2.54
PUNE,Maize,2016-17,Rabi,22400,176700,7.89
AHMEDNAGAR,Moong(Green Gram),2016-17,Kharif,45231,21417,0.47
BULDHANA,Moong(Green Gram),2016-17,Kharif,14774,11716,0.79
NANDED,Moong(Green Gram),2016-17,Kharif,29050,14897,0.51
SATARA,Moong(Green Gram),2016-17,Kharif,9663,5618,0.58
KOLHAPUR,Ragi,2016-17,Kharif,21700,36100,1.66
AHMEDNAGAR,Rice,2016-17,Kharif,15000,26200,1.75
BHANDARA,Rice,2016-17,Summer,14000,31600,2.26
PUNE,Rice,2016-17,Kharif,53500,115400,2.16
RAIGAD,Rice,2016-17,Summer,3900,11900,3.05
BEED,Safflower,2016-17,Rabi,3800,2580,0.68
DHULE,Soyabean,2016-17,Kharif,18300,25300,1.38
HINGOLI,Soyabean,2016-17,Kharif,171600,184000,1.07
KOLHAPUR,Soyabean,2016-17,Kharif,52700,124300,2.36
NANDURBAR,Soyabean,2016-17,Kharif,28000,45900,1.64
SOLAPUR,Soyabean,2016-17,Kharif,27700,10170,0.37
WARDHA,Sugarcane,2016-17,Whole Year,3017,180200,59.73
OSMANABAD,Sunflower,2016-17,Kharif,9985,2370,0.24
HINGOLI,Urad,2016-17,Kharif,17229,8320,0.48
NANDED,Urad,2016-17,Kharif,51367,9606,0.19
PARBHANI,Urad,2016-17,Kharif,10634,4733,0.45
NASHIK,Wheat,2016-17,Rabi,79200,177600,2.24
GADCHIROLI,Groundnut,2017-18,Summer,1,1,1
NANDURBAR,Safflower,2017-18,Rabi,2,1,0.5
CHANDRAPUR,Sesamum,2017-18,Rabi,2,1,0.5
CHANDRAPUR,Sesamum,2017-18,Summer,5,1,0.2
NASHIK,Sesamum,2017-18,Rabi,3,1,0.33
CHANDRAPUR,Sunflower,2017-18,Summer,1,1,1
NAGPUR,Sunflower,2017-18,Summer,1,1,1
YAVATMAL,Sunflower,2017-18,Rabi,2,1,0.5
GADCHIROLI,Urad,2017-18,Kharif,3,1,0.33
THANE,Wheat,2017-18,Rabi,0.5,1,2
BHANDARA,Groundnut,2017-18,Summer,5,2,0.4
PARBHANI,Groundnut,2017-18,Kharif,36,2,0.06
AKOLA,Jowar,2017-18,Rabi,3,2,0.67
NANDED,Linseed,2017-18,Rabi,5,2,0.4
NANDED,Rapeseed &Mustard,2017-18,Rabi,9,2,0.22
YAVATMAL,Rapeseed &Mustard,2017-18,Rabi,5,2,0.4
PARBHANI,Sunflower,2017-18,Kharif,6,2,0.33
THANE,Groundnut,2017-18,Summer,2,3,1.5
GADCHIROLI,Moong(Green Gram),2017-18,Kharif,13,3,0.23
CHANDRAPUR,Rapeseed &Mustard,2017-18,Rabi,13,3,0.23
SATARA,Sesamum,2017-18,Kharif,10,3,0.3
WARDHA,Sesamum,2017-18,Summer,16,3,0.19
AMRAVATI,Sunflower,2017-18,Kharif,7,3,0.43
BULDHANA,Sunflower,2017-18,Summer,4,3,0.75
CHANDRAPUR,Sunflower,2017-18,Rabi,6,3,0.5
NANDED,Groundnut,2017-18,Kharif,69,4,0.06
THANE,Maize,2017-18,Rabi,1,4,4
PUNE,Rapeseed &Mustard,2017-18,Rabi,10,4,0.4
KOLHAPUR,Sesamum,2017-18,Kharif,12,4,0.33
RAIGAD,Moong(Green Gram),2017-18,Kharif,25,5,0.2
DHULE,Sunflower,2017-18,Rabi,10,5,0.5
JALGAON,Sunflower,2017-18,Kharif,9,5,0.56
NANDURBAR,Sunflower,2017-18,Summer,71,5,0.07
BHANDARA,Urad,2017-18,Kharif,22,5,0.23
CHANDRAPUR,Maize,2017-18,Summer,16,6,0.38
SANGLI,Sesamum,2017-18,Kharif,18,6,0.33
NAGPUR,Sunflower,2017-18,Rabi,11,6,0.55
NANDURBAR,Niger seed,2017-18,Kharif,28,7,0.25
BHANDARA,Sesamum,2017-18,Rabi,22,8,0.36
NASHIK,Sunflower,2017-18,Rabi,16,8,0.5
WARDHA,Urad,2017-18,Kharif,10,8,0.8
DHULE,Niger seed,2017-18,Kharif,36,9,0.25
BHANDARA,Sesamum,2017-18,Summer,44,9,0.2
NASHIK,Sesamum,2017-18,Kharif,30,9,0.3
BEED,Castor seed,2017-18,Kharif,100,10,0.1
JALNA,Castor seed,2017-18,Kharif,100,10,0.1
PARBHANI,Castor seed,2017-18,Kharif,40,10,0.25
PUNE,Castor seed,2017-18,Kharif,100,10,0.1
SANGLI,Castor seed,2017-18,Kharif,27,10,0.37
SATARA,Castor seed,2017-18,Kharif,48,10,0.21
NANDURBAR,Ragi,2017-18,Kharif,17,10,0.59
BEED,Rapeseed &Mustard,2017-18,Rabi,20,10,0.5
JALGAON,Rapeseed &Mustard,2017-18,Rabi,10,10,1
RAIGAD,Rapeseed &Mustard,2017-18,Rabi,30,10,0.33
SANGLI,Rapeseed &Mustard,2017-18,Rabi,14,10,0.71
SINDHUDURG,Rapeseed &Mustard,2017-18,Rabi,10,10,1
YAVATMAL,Sesamum,2017-18,Rabi,38,10,0.26
AURANGABAD,Sunflower,2017-18,Rabi,28,10,0.36
LATUR,Sunflower,2017-18,Summer,19,10,0.53
SOLAPUR,Sunflower,2017-18,Summer,14,10,0.71
CHANDRAPUR,Castor seed,2017-18,Kharif,27,11,0.41
AMRAVATI,Sesamum,2017-18,Kharif,60,11,0.18
GONDIA,Sesamum,2017-18,Rabi,32,11,0.34
NANDURBAR,Sesamum,2017-18,Rabi,32,11,0.34
KOLHAPUR,Cotton(lint),2017-18,Kharif,13,12,0.92
GADCHIROLI,Jowar,2017-18,Kharif,23,12,0.52
RATNAGIRI,Sesamum,2017-18,Kharif,40,12,0.3
NAGPUR,Jowar,2017-18,Rabi,100,14,0.14
SANGLI,Sesamum,2017-18,Rabi,4,14,3.5
WASHIM,Castor seed,2017-18,Kharif,100,15,0.15
PARBHANI,Niger seed,2017-18,Kharif,117,15,0.13
SOLAPUR,Niger seed,2017-18,Kharif,105,15,0.14
NASHIK,Sunflower,2017-18,Kharif,27,15,0.56
GONDIA,Urad,2017-18,Kharif,60,15,0.25
YAVATMAL,Bajra,2017-18,Kharif,37,16,0.43
BULDHANA,Sesamum,2017-18,Summer,8,16,2
AHMEDNAGAR,Linseed,2017-18,Rabi,50,17,0.34
DHULE,Sesamum,2017-18,Rabi,51,18,0.35
BULDHANA,Sunflower,2017-18,Rabi,35,18,0.51
JALNA,Niger seed,2017-18,Kharif,200,19,0.1
SOLAPUR,Sesamum,2017-18,Kharif,63,19,0.3
SOLAPUR,Castor seed,2017-18,Kharif,100,20,0.2
WARDHA,Moong(Green Gram),2017-18,Kharif,77,20,0.26
JALNA,Rapeseed &Mustard,2017-18,Rabi,100,20,0.2
RATNAGIRI,Rapeseed &Mustard,2017-18,Rabi,30,20,0.67
SOLAPUR,Rapeseed &Mustard,2017-18,Rabi,100,20,0.2
GADCHIROLI,Sunflower,2017-18,Summer,26,20,0.77
PALGHAR,Wheat,2017-18,Rabi,15,21,1.4
GADCHIROLI,Castor seed,2017-18,Kharif,100,23,0.23
AURANGABAD,Rapeseed &Mustard,2017-18,Rabi,100,23,0.23
GADCHIROLI,Sesamum,2017-18,Rabi,42,23,0.55
BHANDARA,Rapeseed &Mustard,2017-18,Rabi,200,27,0.14
GONDIA,Rapeseed &Mustard,2017-18,Rabi,100,27,0.27
AMRAVATI,Castor seed,2017-18,Kharif,100,28,0.28
SOLAPUR,Linseed,2017-18,Rabi,80,28,0.35
SINDHUDURG,Urad,2017-18,Kharif,60,28,0.47
AURANGABAD,Sesamum,2017-18,Kharif,193,29,0.15
PARBHANI,Linseed,2017-18,Rabi,85,30,0.35
GONDIA,Maize,2017-18,Rabi,29,30,1.03
BEED,Rice,2017-18,Kharif,65,30,0.46
NANDED,Sunflower,2017-18,Rabi,60,30,0.5
NAGPUR,Castor seed,2017-18,Kharif,100,31,0.31
CHANDRAPUR,Groundnut,2017-18,Summer,29,34,1.17
PUNE,Sunflower,2017-18,Kharif,59,34,0.58
AKOLA,Safflower,2017-18,Rabi,100,35,0.35
NANDURBAR,Sesamum,2017-18,Kharif,115,35,0.3
KOLHAPUR,Niger seed,2017-18,Kharif,242,36,0.15
AHMEDNAGAR,Sesamum,2017-18,Kharif,118,36,0.31
PALGHAR,Sunflower,2017-18,Rabi,70,36,0.51
NANDED,Niger seed,2017-18,Kharif,533,37,0.07
RATNAGIRI,Groundnut,2017-18,Summer,27,40,1.48
SATARA,Rapeseed &Mustard,2017-18,Rabi,100,40,0.4
AHMEDNAGAR,Safflower,2017-18,Rabi,100,40,0.4
BEED,Sesamum,2017-18,Rabi,117,40,0.34
YAVATMAL,Sesamum,2017-18,Summer,186,40,0.22
AHMEDNAGAR,Sesamum,2017-18,Rabi,120,41,0.34
WASHIM,Sesamum,2017-18,Kharif,235,44,0.19
AKOLA,Bajra,2017-18,Kharif,100,45,0.45
AMRAVATI,Bajra,2017-18,Kharif,104,46,0.44
JALNA,Jowar,2017-18,Kharif,200,46,0.23
JALNA,Sesamum,2017-18,Kharif,322,48,0.15
NAGPUR,Maize,2017-18,Rabi,50,50,1
PUNE,Sesamum,2017-18,Rabi,140,50,0.36
NAGPUR,Sunflower,2017-18,Kharif,120,50,0.42
CHANDRAPUR,Urad,2017-18,Kharif,201,50,0.25
GADCHIROLI,Sesamum,2017-18,Kharif,300,56,0.19
BULDHANA,Castor seed,2017-18,Kharif,120,60,0.5
BEED,Niger seed,2017-18,Kharif,653,60,0.09
AHMEDNAGAR,Niger seed,2017-18,Kharif,421,62,0.15
CHANDRAPUR,Maize,2017-18,Kharif,26,65,2.5
NANDURBAR,Sunflower,2017-18,Kharif,127,69,0.54
SOLAPUR,Rice,2017-18,Kharif,600,70,0.12
AKOLA,Sunflower,2017-18,Kharif,174,72,0.41
DHULE,Sesamum,2017-18,Kharif,311,74,0.24
CHANDRAPUR,Sesamum,2017-18,Kharif,399,75,0.19
YAVATMAL,Sesamum,2017-18,Kharif,401,75,0.19
LATUR,Niger seed,2017-18,Kharif,921,77,0.08
PUNE,Sunflower,2017-18,Rabi,170,90,0.53
AHMEDNAGAR,Rapeseed &Mustard,2017-18,Rabi,214,91,0.43
HINGOLI,Sesamum,2017-18,Kharif,667,95,0.14
HINGOLI,Bajra,2017-18,Kharif,300,100,0.33
WASHIM,Bajra,2017-18,Kharif,200,100,0.5
LATUR,Castor seed,2017-18,Kharif,300,100,0.33
NANDURBAR,Castor seed,2017-18,Kharif,200,100,0.5
NASHIK,Castor seed,2017-18,Kharif,300,100,0.33
OSMANABAD,Castor seed,2017-18,Kharif,700,100,0.14
BHANDARA,Cotton(lint),2017-18,Kharif,38,100,2.63
SATARA,Cotton(lint),2017-18,Kharif,85,100,1.18
PALGHAR,Groundnut,2017-18,Kharif,76,100,1.32
CHANDRAPUR,Linseed,2017-18,Rabi,400,100,0.25
LATUR,Linseed,2017-18,Rabi,316,100,0.32
AKOLA,Maize,2017-18,Summer,53,100,1.89
GONDIA,Maize,2017-18,Summer,139,100,0.72
HINGOLI,Maize,2017-18,Rabi,100,100,1
NAGPUR,Maize,2017-18,Kharif,49,100,2.04
NAGPUR,Maize,2017-18,Summer,409,100,0.24
WARDHA,Maize,2017-18,Summer,208,100,0.48
WASHIM,Maize,2017-18,Rabi,100,100,1
AHMEDNAGAR,Ragi,2017-18,Kharif,100,100,1
NAGPUR,Rapeseed &Mustard,2017-18,Rabi,200,100,0.5
NASHIK,Rapeseed &Mustard,2017-18,Rabi,100,100,1
OSMANABAD,Rapeseed &Mustard,2017-18,Rabi,600,100,0.17
RATNAGIRI,Rice,2017-18,Summer,29,100,3.45
THANE,Rice,2017-18,Summer,48,100,2.08
BULDHANA,Safflower,2017-18,Rabi,100,100,1
SATARA,Safflower,2017-18,Rabi,100,100,1
YAVATMAL,Safflower,2017-18,Rabi,100,100,1
NANDED,Sesamum,2017-18,Summer,600,100,0.17
AHMEDNAGAR,Sunflower,2017-18,Rabi,200,100,0.5
KOLHAPUR,Sunflower,2017-18,Rabi,200,100,0.5
NANDURBAR,Sunflower,2017-18,Rabi,100,100,1
YAVATMAL,Urad,2017-18,Kharif,8400,100,0.01
AURANGABAD,Sunflower,2017-18,Kharif,118,106,0.9
SATARA,Niger seed,2017-18,Kharif,756,112,0.15
SATARA,Sunflower,2017-18,Kharif,197,113,0.57
THANE,Urad,2017-18,Kharif,216,113,0.52
BHANDARA,Sesamum,2017-18,Kharif,636,119,0.19
SOLAPUR,Sesamum,2017-18,Rabi,350,126,0.36
GADCHIROLI,Arhar/Tur,2017-18,Kharif,5299,5650,1.07
GONDIA,Arhar/Tur,2017-18,Kharif,6354,6775,1.07
NANDED,Arhar/Tur,2017-18,Kharif,77200,67900,0.88
NANDURBAR,Arhar/Tur,2017-18,Kharif,21000,11600,0.55
SOLAPUR,Arhar/Tur,2017-18,Kharif,29800,18700,0.63
JALGAON,Bajra,2017-18,Kharif,20200,20200,1
NASHIK,Bajra,2017-18,Kharif,136500,199900,1.46
GADCHIROLI,Cotton(lint),2017-18,Kharif,5654,22600,4
AHMEDNAGAR,Gram,2017-18,Rabi,208005,166000,0.8
SOLAPUR,Gram,2017-18,Rabi,68249,46100,0.68
WASHIM,Gram,2017-18,Rabi,49600,35100,0.71
SANGLI,Groundnut,2017-18,Kharif,28700,34400,1.2
SATARA,Groundnut,2017-18,Kharif,33200,46900,1.41
SOLAPUR,Groundnut,2017-18,Kharif,2100,1310,0.62
KOLHAPUR,Jowar,2017-18,Rabi,12600,19100,1.52
LATUR,Jowar,2017-18,Kharif,78408,67200,0.86
NANDED,Jowar,2017-18,Rabi,35707,37600,1.05
NANDURBAR,Jowar,2017-18,Kharif,39500,59500,1.51
OSMANABAD,Jowar,2017-18,Rabi,162308,117400,0.72
SANGLI,Jowar,2017-18,Rabi,139300,86800,0.62
AMRAVATI,Maize,2017-18,Kharif,6600,16700,2.53
BEED,Maize,2017-18,Kharif,7900,6510,0.82
DHULE,Maize,2017-18,Rabi,5600,19500,3.48
SATARA,Maize,2017-18,Kharif,19100,59200,3.1
SOLAPUR,Maize,2017-18,Rabi,50100,100600,2.01
AKOLA,Moong(Green Gram),2017-18,Kharif,23996,7890,0.33
AMRAVATI,Moong(Green Gram),2017-18,Kharif,22987,3450,0.15
HINGOLI,Moong(Green Gram),2017-18,Kharif,39311,14825,0.38
OSMANABAD,Moong(Green Gram),2017-18,Kharif,9943,2005,0.2
SANGLI,Moong(Green Gram),2017-18,Kharif,7437,1798,0.24
SATARA,Moong(Green Gram),2017-18,Kharif,7834,3568,0.46
BHANDARA,Rice,2017-18,Summer,8181,18700,2.29
CHANDRAPUR,Rice,2017-18,Kharif,129400,92700,0.72
RAIGAD,Rice,2017-18,Kharif,110500,299000,2.71
SINDHUDURG,Rice,2017-18,Kharif,62500,203000,3.25
THANE,Rice,2017-18,Kharif,54700,101100,1.85
AKOLA,Soyabean,2017-18,Kharif,204700,144000,0.7
LATUR,Soyabean,2017-18,Kharif,392800,465000,1.18
WASHIM,Sugarcane,2017-18,Whole Year,154,6900,44.81
HINGOLI,Urad,2017-18,Kharif,19832,9118,0.46
NASHIK,Urad,2017-18,Kharif,5772,3525,0.61
SATARA,Urad,2017-18,Kharif,3696,1931,0.52
SOLAPUR,Urad,2017-18,Kharif,21639,3806,0.18
HINGOLI,Wheat,2017-18,Rabi,29700,34500,1.16
JALGAON,Wheat,2017-18,Rabi,51014,97300,1.91
LATUR,Wheat,2017-18,Rabi,16800,11600,0.69
SANGLI,Wheat,2017-18,Rabi,25100,49800,1.98
WASHIM,Wheat,2017-18,Rabi,9900,12500,1.26
PUNE,Castor seed,2018-19,Kharif,3,1,0.33
GADCHIROLI,Moong(Green Gram),2018-19,Kharif,10,1,0.1
NANDURBAR,Niger seed,2018-19,Kharif,5,1,0.2
CHANDRAPUR,Rapeseed &Mustard,2018-19,Rabi,4,1,0.25
PUNE,Rapeseed &Mustard,2018-19,Rabi,10,1,0.1
BHANDARA,Sesamum,2018-19,Rabi,8,1,0.13
GONDIA,Sesamum,2018-19,Summer,3,1,0.33
HINGOLI,Sesamum,2018-19,Kharif,8,1,0.13
NASHIK,Sesamum,2018-19,Kharif,7,1.3,0.19
BEED,Linseed,2018-19,Rabi,5,2,0.4
NASHIK,Rapeseed &Mustard,2018-19,Rabi,10,2,0.2
SOLAPUR,Rapeseed &Mustard,2018-19,Rabi,10,2,0.2
PARBHANI,Rice,2018-19,Kharif,10,2,0.2
BEED,Safflower,2018-19,Rabi,24,2,0.08
BHANDARA,Sesamum,2018-19,Summer,8,2,0.25
SATARA,Sesamum,2018-19,Kharif,15,2,0.13
WARDHA,Sesamum,2018-19,Summer,10,2,0.2
WASHIM,Sesamum,2018-19,Summer,10,2,0.2
PARBHANI,Sunflower,2018-19,Kharif,20,2,0.1
NANDED,Castor seed,2018-19,Kharif,14,3,0.21
NANDURBAR,Sesamum,2018-19,Kharif,14,3,0.21
BULDHANA,Sunflower,2018-19,Kharif,24,3,0.13
RATNAGIRI,Castor seed,2018-19,Kharif,12,4,0.33
AURANGABAD,Groundnut,2018-19,Summer,5,4,0.8
RAIGAD,Moong(Green Gram),2018-19,Kharif,20,4,0.2
YAVATMAL,Sesamum,2018-19,Rabi,38,4,0.11
AURANGABAD,Linseed,2018-19,Rabi,13,5,0.38
NANDED,Linseed,2018-19,Rabi,12,5,0.42
PALGHAR,Maize,2018-19,Rabi,2,5,2.5
PUNE,Sesamum,2018-19,Rabi,45,5,0.11
NANDED,Rapeseed &Mustard,2018-19,Rabi,30,6,0.2
AMRAVATI,Sesamum,2018-19,Kharif,24,6,0.25
HINGOLI,Sesamum,2018-19,Rabi,52,6,0.12
SOLAPUR,Sesamum,2018-19,Kharif,45,6,0.13
SANGLI,Castor seed,2018-19,Kharif,43,7,0.16
PALGHAR,Rapeseed &Mustard,2018-19,Rabi,10,7,0.7
BULDHANA,Sunflower,2018-19,Summer,6,7,1.17
PALGHAR,Wheat,2018-19,Rabi,10,7,0.7
BHANDARA,Groundnut,2018-19,Summer,5,8,1.6
PARBHANI,Niger seed,2018-19,Kharif,132,9,0.07
BEED,Rice,2018-19,Kharif,29,9,0.31
NANDED,Sunflower,2018-19,Kharif,70,9,0.13
BHANDARA,Cotton(lint),2018-19,Kharif,4,10,2.5
CHANDRAPUR,Groundnut,2018-19,Summer,10,10,1
BEED,Rapeseed &Mustard,2018-19,Rabi,110,10,0.09
SATARA,Rapeseed &Mustard,2018-19,Rabi,30,10,0.33
GADCHIROLI,Sesamum,2018-19,Rabi,43,10,0.23
PALGHAR,Sesamum,2018-19,Rabi,119,10,0.08
PARBHANI,Sesamum,2018-19,Rabi,66,10,0.15
AHMEDNAGAR,Sunflower,2018-19,Kharif,57,10,0.18
SATARA,Sunflower,2018-19,Kharif,40,10,0.25
YAVATMAL,Bajra,2018-19,Kharif,78,11,0.14
BEED,Niger seed,2018-19,Kharif,214,11,0.05
SOLAPUR,Niger seed,2018-19,Kharif,102,11,0.11
AURANGABAD,Sesamum,2018-19,Kharif,171,11,0.06
WARDHA,Urad,2018-19,Kharif,23,11,0.48
PALGHAR,Sunflower,2018-19,Kharif,70,12,0.17
DHULE,Castor seed,2018-19,Kharif,28,13,0.46
AHMEDNAGAR,Sesamum,2018-19,Kharif,110,14,0.13
YAVATMAL,Sesamum,2018-19,Summer,541,14,0.03
NANDURBAR,Sunflower,2018-19,Kharif,83,14,0.17
PARBHANI,Sesamum,2018-19,Kharif,212,15,0.07
SINDHUDURG,Urad,2018-19,Kharif,54,15,0.28
BULDHANA,Niger seed,2018-19,Kharif,254,16,0.06
SATARA,Safflower,2018-19,Rabi,90,17,0.19
JALNA,Castor seed,2018-19,Kharif,136,19,0.14
LATUR,Rapeseed &Mustard,2018-19,Rabi,60,19,0.32
AKOLA,Bajra,2018-19,Kharif,136.1,19.9,0.15
SATARA,Castor seed,2018-19,Kharif,102,20,0.2
LATUR,Groundnut,2018-19,Summer,20,20,1
GONDIA,Maize,2018-19,Summer,30,20,0.67
NANDED,Niger seed,2018-19,Kharif,160,20,0.13
YAVATMAL,Safflower,2018-19,Rabi,22,20,0.91
GADCHIROLI,Urad,2018-19,Kharif,98,20,0.2
RATNAGIRI,Sesamum,2018-19,Kharif,49,21,0.43
NANDURBAR,Ragi,2018-19,Kharif,27,23,0.85
NAGPUR,Castor seed,2018-19,Kharif,98,25,0.26
DHULE,Niger seed,2018-19,Kharif,182,26,0.14
PARBHANI,Rapeseed &Mustard,2018-19,Rabi,140,30,0.21
RATNAGIRI,Rice,2018-19,Summer,10,30,3
RAIGAD,Arhar/Tur,2018-19,Kharif,193,31,0.16
SINDHUDURG,Rapeseed &Mustard,2018-19,Rabi,50,32,0.64
AURANGABAD,Castor seed,2018-19,Kharif,222,33,0.15
NANDED,Groundnut,2018-19,Kharif,72,35,0.49
JALNA,Jowar,2018-19,Kharif,161,35,0.22
SATARA,Cotton(lint),2018-19,Kharif,21,37,1.76
JALNA,Maize,2018-19,Summer,48,40,0.83
NANDED,Sunflower,2018-19,Summer,31,40,1.29
NANDURBAR,Sunflower,2018-19,Summer,70,40,0.57
WARDHA,Moong(Green Gram),2018-19,Kharif,97,41,0.42
NAGPUR,Rapeseed &Mustard,2018-19,Rabi,110,41,0.37
RATNAGIRI,Rapeseed &Mustard,2018-19,Rabi,70,41,0.59
GONDIA,Rapeseed &Mustard,2018-19,Rabi,114,43,0.38
NANDURBAR,Castor seed,2018-19,Kharif,175,44,0.25
BULDHANA,Rapeseed &Mustard,2018-19,Rabi,110,46,0.42
WASHIM,Bajra,2018-19,Kharif,325,48,0.15
PARBHANI,Linseed,2018-19,Rabi,126,50,0.4
GADCHIROLI,Maize,2018-19,Summer,70,50,0.71
SOLAPUR,Sesamum,2018-19,Rabi,408,50,0.12
LATUR,Sunflower,2018-19,Kharif,410,50,0.12
WASHIM,Sesamum,2018-19,Kharif,208,54,0.26
NANDED,Sesamum,2018-19,Kharif,370,57,0.15
NAGPUR,Moong(Green Gram),2018-19,Kharif,719,65,0.09
LATUR,Linseed,2018-19,Rabi,174,70,0.4
NAGPUR,Rice,2018-19,Summer,24,70,2.92
LATUR,Niger seed,2018-19,Kharif,769,75,0.1
GADCHIROLI,Sesamum,2018-19,Kharif,299,78,0.26
AHMEDNAGAR,Niger seed,2018-19,Kharif,440,79,0.18
OSMANABAD,Groundnut,2018-19,Summer,98,80,0.82
PUNE,Sesamum,2018-19,Kharif,646,81,0.13
AHMEDNAGAR,Ragi,2018-19,Kharif,118,84,0.71
HINGOLI,Castor seed,2018-19,Kharif,266,88,0.33
SOLAPUR,Cotton(lint),2018-19,Kharif,163,88,0.54
AKOLA,Rapeseed &Mustard,2018-19,Rabi,50,88,1.76
BEED,Castor seed,2018-19,Kharif,576,92,0.16
PARBHANI,Castor seed,2018-19,Kharif,348,93,0.27
CHANDRAPUR,Linseed,2018-19,Rabi,429,100,0.23
HINGOLI,Maize,2018-19,Rabi,97,100,1.03
BHANDARA,Rapeseed &Mustard,2018-19,Rabi,320,100,0.31
GADCHIROLI,Rapeseed &Mustard,2018-19,Rabi,410,100,0.24
SANGLI,Safflower,2018-19,Rabi,394,100,0.25
CHANDRAPUR,Sesamum,2018-19,Kharif,390,102,0.26
CHANDRAPUR,Moong(Green Gram),2018-19,Kharif,858,108,0.13
THANE,Rice,2018-19,Summer,38,110,2.89
BHANDARA,Sesamum,2018-19,Kharif,437,114,0.26
OSMANABAD,Sesamum,2018-19,Kharif,2973,126,0.04
THANE,Urad,2018-19,Kharif,212,128,0.6
AURANGABAD,Arhar/Tur,2018-19,Kharif,37901,9835,0.26
JALGAON,Arhar/Tur,2018-19,Kharif,20891,10516,0.5
NANDURBAR,Arhar/Tur,2018-19,Kharif,20597,4788,0.23
NASHIK,Arhar/Tur,2018-19,Kharif,7579,1891,0.25
OSMANABAD,Arhar/Tur,2018-19,Kharif,58049,13351,0.23
OSMANABAD,Bajra,2018-19,Kharif,8754,1093,0.12
SANGLI,Bajra,2018-19,Kharif,33724,7946,0.24
LATUR,Cotton(lint),2018-19,Kharif,5861,4963,0.85
AKOLA,Gram,2018-19,Rabi,84600,82500,0.98
LATUR,Gram,2018-19,Rabi,142580,77600,0.54
NAGPUR,Gram,2018-19,Rabi,58670,65100,1.11
NANDURBAR,Gram,2018-19,Rabi,27440,26200,0.95
PUNE,Gram,2018-19,Rabi,83400,61400,0.74
SANGLI,Gram,2018-19,Rabi,17310,11900,0.69
SATARA,Gram,2018-19,Rabi,27520,24900,0.9
YAVATMAL,Gram,2018-19,Rabi,99180,112000,1.13
AKOLA,Groundnut,2018-19,Summer,1520,1760,1.16
BULDHANA,Groundnut,2018-19,Kharif,1277,1206,0.94
JALGAON,Groundnut,2018-19,Kharif,3395,2413,0.71
RAIGAD,Groundnut,2018-19,Summer,240,970,4.04
SINDHUDURG,Groundnut,2018-19,Summer,860,3290,3.83
YAVATMAL,Groundnut,2018-19,Summer,6010,6050,1.01
AMRAVATI,Jowar,2018-19,Kharif,16391,11716,0.71
BEED,Jowar,2018-19,Kharif,7852,1973,0.25
BEED,Jowar,2018-19,Rabi,79040,22200,0.28
KOLHAPUR,Jowar,2018-19,Kharif,3109,4437,1.43
OSMANABAD,Jowar,2018-19,Rabi,114470,76500,0.67
PARBHANI,Jowar,2018-19,Kharif,4688,4256,0.91
SOLAPUR,Jowar,2018-19,Kharif,3688,1819,0.49
WASHIM,Jowar,2018-19,Kharif,9660,4850,0.5
YAVATMAL,Jowar,2018-19,Kharif,14471,4845,0.33
BULDHANA,Maize,2018-19,Summer,720,1450,2.01
JALGAON,Maize,2018-19,Rabi,49060,129700,2.64
NANDURBAR,Maize,2018-19,Rabi,4490,11900,2.65
SATARA,Maize,2018-19,Rabi,10840,29300,2.7
SATARA,Maize,2018-19,Summer,1680,2350,1.4
AKOLA,Moong(Green Gram),2018-19,Kharif,25342,12145,0.48
JALNA,Moong(Green Gram),2018-19,Kharif,25657,5901,0.23
OSMANABAD,Moong(Green Gram),2018-19,Kharif,9903,3120,0.32
SANGLI,Moong(Green Gram),2018-19,Kharif,6648,1601,0.24
DHULE,Ragi,2018-19,Kharif,1570,1042,0.66
PUNE,Ragi,2018-19,Kharif,2479,1767,0.71
RAIGAD,Rice,2018-19,Summer,2920,9280,3.18
HINGOLI,Safflower,2018-19,Rabi,5442,3530,0.65
DHULE,Sesamum,2018-19,Kharif,16028,2559,0.16
NANDURBAR,Soyabean,2018-19,Kharif,26046,32808,1.26
CHANDRAPUR,Sugarcane,2018-19,Whole Year,64,3840,60
WARDHA,Sugarcane,2018-19,Whole Year,2505,169488,67.66
AHMEDNAGAR,Urad,2018-19,Kharif,24662,4538,0.18
BEED,Urad,2018-19,Kharif,24146,7242,0.3
HINGOLI,Urad,2018-19,Kharif,19804,13003,0.66
JALGAON,Urad,2018-19,Kharif,30722,10486,0.34
NANDURBAR,Urad,2018-19,Kharif,12133,6407,0.53
YAVATMAL,Urad,2018-19,Kharif,7228,2626,0.36
AKOLA,Wheat,2018-19,Rabi,20600,27300,1.33
NANDURBAR,Wheat,2018-19,Rabi,21860,37500,1.72
WARDHA,Wheat,2018-19,Rabi,12750,21700,1.7
AMRAVATI,Bajra,2019-20,Kharif,1,1,1
HINGOLI,Bajra,2019-20,Kharif,6,1,0.17
RAIGAD,Niger seed,2019-20,Kharif,4,1,0.25
OSMANABAD,Ragi,2019-20,Kharif,1,1,1
AURANGABAD,Rice,2019-20,Kharif,5,1,0.2
PARBHANI,Rice,2019-20,Kharif,10,1,0.1
NAGPUR,Sesamum,2019-20,Kharif,5,1,0.2
AMRAVATI,Sunflower,2019-20,Kharif,3,1,0.33
HINGOLI,Sunflower,2019-20,Kharif,2,1,0.5
OSMANABAD,Sunflower,2019-20,Summer,3,1,0.33
PARBHANI,Sunflower,2019-20,Kharif,9,1,0.11
GADCHIROLI,Groundnut,2019-20,Summer,1,2,2
GONDIA,Maize,2019-20,Kharif,5,2,0.4
WASHIM,Niger seed,2019-20,Kharif,12,2,0.17
BEED,Rice,2019-20,Kharif,16,2,0.13
JALNA,Rice,2019-20,Kharif,11,2,0.18
YAVATMAL,Safflower,2019-20,Rabi,5,2,0.4
AHMEDNAGAR,Sesamum,2019-20,Summer,6,2,0.33
HINGOLI,Sesamum,2019-20,Summer,12,2,0.17
KOLHAPUR,Sesamum,2019-20,Kharif,15,2,0.13
NASHIK,Sunflower,2019-20,Kharif,13,2,0.15
RATNAGIRI,Sunflower,2019-20,Rabi,7,2,0.29
WARDHA,Urad,2019-20,Kharif,18,2,0.11
GONDIA,Moong(Green Gram),2019-20,Kharif,8,3,0.38
AKOLA,Niger seed,2019-20,Kharif,20,3,0.15
AHMEDNAGAR,Rapeseed &Mustard,2019-20,Rabi,47,3,0.06
NASHIK,Rapeseed &Mustard,2019-20,Rabi,16,3,0.19
THANE,Rapeseed &Mustard,2019-20,Rabi,7,3,0.43
BEED,Sesamum,2019-20,Summer,13,3,0.23
NASHIK,Sesamum,2019-20,Kharif,21,3,0.14
BEED,Sunflower,2019-20,Kharif,8,3,0.38
JALNA,Sunflower,2019-20,Kharif,11,3,0.27
PARBHANI,Groundnut,2019-20,Kharif,12,4,0.33
WARDHA,Sesamum,2019-20,Kharif,22,4,0.18
AMRAVATI,Sunflower,2019-20,Summer,6,4,0.67
GONDIA,Cotton(lint),2019-20,Kharif,2,5,2.5
AHMEDNAGAR,Linseed,2019-20,Rabi,22,5,0.23
JALNA,Linseed,2019-20,Rabi,10,5,0.5
NAGPUR,Sesamum,2019-20,Summer,16,5,0.31
NANDURBAR,Sesamum,2019-20,Kharif,15,5,0.33
SATARA,Sesamum,2019-20,Kharif,24,5,0.21
DHULE,Sunflower,2019-20,Kharif,15,5,0.33
LATUR,Sunflower,2019-20,Summer,10,5,0.5
SINDHUDURG,Urad,2019-20,Kharif,10,5,0.5
PARBHANI,Linseed,2019-20,Rabi,26,6,0.23
SANGLI,Linseed,2019-20,Rabi,12,6,0.5
BEED,Sunflower,2019-20,Summer,10,6,0.6
WARDHA,Moong(Green Gram),2019-20,Kharif,18,7,0.39
CHANDRAPUR,Sesamum,2019-20,Rabi,16,7,0.44
SOLAPUR,Sesamum,2019-20,Kharif,81,7,0.09
AURANGABAD,Sunflower,2019-20,Kharif,20,7,0.35
BULDHANA,Sunflower,2019-20,Rabi,15,7,0.47
GADCHIROLI,Groundnut,2019-20,Kharif,35,8,0.23
AHMEDNAGAR,Sunflower,2019-20,Rabi,26,8,0.31
SATARA,Sunflower,2019-20,Rabi,17,8,0.47
WASHIM,Groundnut,2019-20,Kharif,14,9,0.64
AKOLA,Safflower,2019-20,Rabi,25,9,0.36
NANDURBAR,Sesamum,2019-20,Rabi,23,9,0.39
PARBHANI,Sesamum,2019-20,Summer,47,9,0.19
HINGOLI,Maize,2019-20,Kharif,23,10,0.43
JALNA,Niger seed,2019-20,Kharif,99,10,0.1
BULDHANA,Ragi,2019-20,Kharif,10,10,1
GONDIA,Urad,2019-20,Kharif,20,10,0.5
GADCHIROLI,Moong(Green Gram),2019-20,Kharif,54,11,0.2
SATARA,Rapeseed &Mustard,2019-20,Rabi,64,11,0.17
BHANDARA,Urad,2019-20,Kharif,39,11,0.28
BHANDARA,Linseed,2019-20,Rabi,39,12,0.31
PALGHAR,Rapeseed &Mustard,2019-20,Rabi,20,12,0.6
AMRAVATI,Sesamum,2019-20,Kharif,79,12,0.15
YAVATMAL,Sesamum,2019-20,Summer,59,12,0.2
YAVATMAL,Bajra,2019-20,Kharif,58,13,0.22
THANE,Groundnut,2019-20,Summer,7,13,1.86
PARBHANI,Niger seed,2019-20,Kharif,78,13,0.17
SOLAPUR,Niger seed,2019-20,Kharif,122,13,0.11
AKOLA,Sesamum,2019-20,Summer,63,13,0.21
JALNA,Sesamum,2019-20,Kharif,146,13,0.09
WASHIM,Sesamum,2019-20,Summer,63,13,0.21
PUNE,Sunflower,2019-20,Kharif,52,13,0.25
PALGHAR,Maize,2019-20,Rabi,4,14,3.5
PUNE,Sesamum,2019-20,Rabi,51,14,0.27
SINDHUDURG,Sesamum,2019-20,Rabi,36,14,0.39
BULDHANA,Sunflower,2019-20,Kharif,30,14,0.47
GONDIA,Maize,2019-20,Rabi,19,15,0.79
GADCHIROLI,Sesamum,2019-20,Rabi,48,15,0.31
KOLHAPUR,Rapeseed &Mustard,2019-20,Rabi,92,16,0.17
NANDED,Sesamum,2019-20,Rabi,56,16,0.29
PARBHANI,Sesamum,2019-20,Rabi,47,16,0.34
AKOLA,Sunflower,2019-20,Kharif,38,16,0.42
AKOLA,Bajra,2019-20,Kharif,78,18,0.23
JALGAON,Sesamum,2019-20,Rabi,70,19,0.27
RATNAGIRI,Sesamum,2019-20,Kharif,53,20,0.38
WARDHA,Maize,2019-20,Kharif,13,21,1.62
NANDED,Niger seed,2019-20,Kharif,167,21,0.13
NANDED,Sunflower,2019-20,Kharif,73,21,0.29
NANDURBAR,Sunflower,2019-20,Rabi,53,21,0.4
CHANDRAPUR,Maize,2019-20,Summer,22,22,1
WASHIM,Sunflower,2019-20,Summer,10,22,2.2
CHANDRAPUR,Urad,2019-20,Kharif,64,22,0.34
BHANDARA,Moong(Green Gram),2019-20,Kharif,116,23,0.2
GADCHIROLI,Urad,2019-20,Kharif,92,23,0.25
AMRAVATI,Safflower,2019-20,Rabi,36,24,0.67
PUNE,Safflower,2019-20,Rabi,30,24,0.8
PARBHANI,Sunflower,2019-20,Rabi,50,24,0.48
JALNA,Rapeseed &Mustard,2019-20,Rabi,187,25,0.13
SATARA,Cotton(lint),2019-20,Kharif,14,26,1.86
NANDURBAR,Ragi,2019-20,Kharif,45,26,0.58
AHMEDNAGAR,Sesamum,2019-20,Kharif,204,26,0.13
BEED,Niger seed,2019-20,Kharif,365,27,0.07
YAVATMAL,Sesamum,2019-20,Rabi,100,27,0.27
JALGAON,Sunflower,2019-20,Rabi,58,27,0.47
RATNAGIRI,Rice,2019-20,Summer,14,28,2
SATARA,Safflower,2019-20,Rabi,60,28,0.47
GADCHIROLI,Jowar,2019-20,Kharif,55,29,0.53
CHANDRAPUR,Maize,2019-20,Kharif,17,29,1.71
SOLAPUR,Sunflower,2019-20,Summer,52,29,0.56
PALGHAR,Wheat,2019-20,Rabi,10,29,2.9
CHANDRAPUR,Rapeseed &Mustard,2019-20,Rabi,89,31,0.35
SINDHUDURG,Rapeseed &Mustard,2019-20,Rabi,54,31,0.57
NANDED,Bajra,2019-20,Kharif,142,32,0.23
RAIGAD,Groundnut,2019-20,Summer,10,33,3.3
NAGPUR,Rapeseed &Mustard,2019-20,Rabi,102,33,0.32
GONDIA,Rapeseed &Mustard,2019-20,Rabi,92,35,0.38
PUNE,Rapeseed &Mustard,2019-20,Rabi,215,35,0.16
YAVATMAL,Sesamum,2019-20,Kharif,869,35,0.04
NANDED,Groundnut,2019-20,Kharif,98,37,0.38
DHULE,Niger seed,2019-20,Kharif,255,37,0.15
NANDURBAR,Rapeseed &Mustard,2019-20,Rabi,155,37,0.24
DHULE,Sesamum,2019-20,Kharif,335,39,0.12
BEED,Linseed,2019-20,Rabi,129,40,0.31
BEED,Ragi,2019-20,Kharif,38,40,1.05
PARBHANI,Rapeseed &Mustard,2019-20,Rabi,258,40,0.16
GADCHIROLI,Sesamum,2019-20,Kharif,332,40,0.12
PUNE,Sunflower,2019-20,Rabi,99,42,0.42
WASHIM,Safflower,2019-20,Rabi,95,44,0.46
AKOLA,Sesamum,2019-20,Kharif,1339,44,0.03
AMRAVATI,Jowar,2019-20,Rabi,57,45,0.79
AURANGABAD,Sesamum,2019-20,Kharif,194,45,0.23
NAGPUR,Jowar,2019-20,Rabi,88,50,0.57
WASHIM,Maize,2019-20,Rabi,147,50,0.34
BEED,Rapeseed &Mustard,2019-20,Rabi,169,51,0.3
NANDURBAR,Sunflower,2019-20,Kharif,66,52,0.79
SOLAPUR,Linseed,2019-20,Rabi,183,53,0.29
NANDED,Sunflower,2019-20,Summer,52,55,1.06
AURANGABAD,Sesamum,2019-20,Rabi,120,56,0.47
NANDED,Sesamum,2019-20,Kharif,386,56,0.15
HINGOLI,Niger seed,2019-20,Kharif,404,57,0.14
RATNAGIRI,Maize,2019-20,Rabi,23,60,2.61
SATARA,Sunflower,2019-20,Kharif,138,66,0.48
NANDED,Sunflower,2019-20,Rabi,98,67,0.68
PARBHANI,Sesamum,2019-20,Kharif,326,69,0.21
SOLAPUR,Rapeseed &Mustard,2019-20,Rabi,393,71,0.18
LATUR,Rice,2019-20,Kharif,879,71,0.08
AKOLA,Groundnut,2019-20,Kharif,108,73,0.68
LATUR,Linseed,2019-20,Rabi,244,73,0.3
CHANDRAPUR,Groundnut,2019-20,Summer,98,74,0.76
PUNE,Niger seed,2019-20,Kharif,537,77,0.14
AURANGABAD,Safflower,2019-20,Rabi,187,79,0.42
WASHIM,Bajra,2019-20,Kharif,361,82,0.23
YAVATMAL,Rapeseed &Mustard,2019-20,Rabi,204,82,0.4
SANGLI,Sunflower,2019-20,Kharif,416,83,0.2
AHMEDNAGAR,Sesamum,2019-20,Rabi,384,85,0.22
BULDHANA,Safflower,2019-20,Rabi,83,87,1.05
JALNA,Sunflower,2019-20,Rabi,155,88,0.57
SANGLI,Safflower,2019-20,Rabi,331,89,0.27
YAVATMAL,Maize,2019-20,Kharif,644,97,0.15
WASHIM,Rapeseed &Mustard,2019-20,Rabi,575,98,0.17
BULDHANA,Rapeseed &Mustard,2019-20,Rabi,231,100,0.43
RATNAGIRI,Gram,2019-20,Rabi,211,101,0.48
NANDURBAR,Safflower,2019-20,Rabi,267,101,0.38
AHMEDNAGAR,Niger seed,2019-20,Kharif,683,102,0.15
KOLHAPUR,Sunflower,2019-20,Rabi,180,102,0.57
RAIGAD,Rapeseed &Mustard,2019-20,Rabi,164,106,0.65
PUNE,Sesamum,2019-20,Kharif,512,113,0.22
THANE,Rice,2019-20,Summer,38,118,3.11
LATUR,Rapeseed &Mustard,2019-20,Rabi,356,119,0.33
NAGPUR,Rice,2019-20,Summer,56,127,2.27
SOLAPUR,Sesamum,2019-20,Rabi,369,129,0.35
RAIGAD,Arhar/Tur,2019-20,Kharif,222,130,0.59
BHANDARA,Sesamum,2019-20,Kharif,433,130,0.3
DHULE,Arhar/Tur,2019-20,Kharif,15594,8019,0.51
PUNE,Arhar/Tur,2019-20,Kharif,2122,1374,0.65
SANGLI,Arhar/Tur,2019-20,Kharif,8152,1676,0.21
SOLAPUR,Arhar/Tur,2019-20,Kharif,51532,29432,0.57
DHULE,Cotton(lint),2019-20,Kharif,239542,192984,0.81
LATUR,Cotton(lint),2019-20,Kharif,6269,9557,1.52
AMRAVATI,Groundnut,2019-20,Summer,1762,2928,1.66
DHULE,Groundnut,2019-20,Kharif,20321,11813,0.58
JALNA,Groundnut,2019-20,Kharif,1027,2406,2.34
LATUR,Groundnut,2019-20,Summer,1572,2113,1.34
PUNE,Groundnut,2019-20,Summer,5114,12011,2.35
AKOLA,Jowar,2019-20,Rabi,1830,1445,0.79
BEED,Jowar,2019-20,Kharif,8064,4388,0.54
HINGOLI,Jowar,2019-20,Rabi,8206,9815,1.2
KOLHAPUR,Jowar,2019-20,Kharif,2970,3215,1.08
NANDURBAR,Jowar,2019-20,Rabi,9232,10578,1.15
SOLAPUR,Jowar,2019-20,Kharif,3648,929,0.25
WARDHA,Jowar,2019-20,Rabi,4598,2592,0.56
YAVATMAL,Jowar,2019-20,Kharif,14057,4393,0.31
YAVATMAL,Jowar,2019-20,Rabi,2459,1942,0.79
AHMEDNAGAR,Maize,2019-20,Summer,2087,5635,2.7
AURANGABAD,Maize,2019-20,Summer,8125,9750,1.2
BEED,Maize,2019-20,Kharif,13356,3691,0.28
GADCHIROLI,Maize,2019-20,Kharif,1438,2733,1.9
JALNA,Maize,2019-20,Rabi,2398,9204,3.84
KOLHAPUR,Maize,2019-20,Kharif,1426,3839,2.69
KOLHAPUR,Maize,2019-20,Summer,935,2273,2.43
LATUR,Maize,2019-20,Kharif,6981,1564,0.22
LATUR,Maize,2019-20,Rabi,3335,4347,1.3
OSMANABAD,Maize,2019-20,Summer,1583,1498,0.95
SANGLI,Maize,2019-20,Summer,1801,3602,2
AHMEDNAGAR,Moong(Green Gram),2019-20,Kharif,65835,10538,0.16
DHULE,Moong(Green Gram),2019-20,Kharif,30419,13771,0.45
HINGOLI,Moong(Green Gram),2019-20,Kharif,7105,4906,0.69
PARBHANI,Moong(Green Gram),2019-20,Kharif,24876,9835,0.4
SOLAPUR,Moong(Green Gram),2019-20,Kharif,15668,5447,0.35
RAIGAD,Ragi,2019-20,Kharif,4911,4008,0.82
RATNAGIRI,Ragi,2019-20,Kharif,10352,14540,1.4
KOLHAPUR,Rice,2019-20,Summer,437,1487,3.4
PALGHAR,Rice,2019-20,Summer,1325,3496,2.64
SINDHUDURG,Rice,2019-20,Summer,1551,3856,2.49
LATUR,Safflower,2019-20,Rabi,6498,7077,1.09
AMRAVATI,Sugarcane,2019-20,Whole Year,175,6043,34.53
WASHIM,Sugarcane,2019-20,Whole Year,99,4178,42.2
BEED,Urad,2019-20,Kharif,23925,5227,0.22
BULDHANA,Urad,2019-20,Kharif,16580,11031,0.67
KOLHAPUR,Urad,2019-20,Kharif,1871,1564,0.84
LATUR,Urad,2019-20,Kharif,7538,4287,0.57
GONDIA,Wheat,2019-20,Rabi,3032,1690,0.56
KOLHAPUR,Wheat,2019-20,Rabi,3398,8001,2.35
